{
"__comment": "Designed by Tegaminmaverick with BDcraft Cubik PRO 0.85 Beta - http://bdcraft.net",
"textures": {
    "texture": "items/diamond_pickaxe"
},
"elements": [ 
{
    "from": [ 6.75, 7.5, 15 ],
    "to": [ 9.25, 8, 15.5 ],
    "faces": {
        "down":  { "uv": [ 8, 7, 8, 7 ], "texture": "#texture" },
        "up":    { "uv": [ 8, 7, 8, 7 ], "texture": "#texture" },
        "north": { "uv": [ 8, 7, 8, 7 ], "texture": "#texture" },
        "south": { "uv": [ 8, 7, 8, 7 ], "texture": "#texture" },
        "west":  { "uv": [ 8, 7, 8, 7 ], "texture": "#texture" },
        "east":  { "uv": [ 8, 7, 8, 7 ], "texture": "#texture" }
    }
},
{
    "from": [ 6.75, 7.5, 14 ],
    "to": [ 9.25, 8, 14.5 ],
    "faces": {
        "down":  { "uv": [ 8, 7, 8, 7 ], "texture": "#texture" },
        "up":    { "uv": [ 8, 7, 8, 7 ], "texture": "#texture" },
        "north": { "uv": [ 8, 7, 8, 7 ], "texture": "#texture" },
        "south": { "uv": [ 8, 7, 8, 7 ], "texture": "#texture" },
        "west":  { "uv": [ 8, 7, 8, 7 ], "texture": "#texture" },
        "east":  { "uv": [ 8, 7, 8, 7 ], "texture": "#texture" }
    }
},
{
    "from": [ 6.75, 7.5, 16 ],
    "to": [ 9.25, 8, 18 ],
    "faces": {
        "down":  { "uv": [ 8, 7, 8, 7 ], "texture": "#texture" },
        "up":    { "uv": [ 8, 7, 8, 7 ], "texture": "#texture" },
        "north": { "uv": [ 8, 7, 8, 7 ], "texture": "#texture" },
        "south": { "uv": [ 8, 7, 8, 7 ], "texture": "#texture" },
        "west":  { "uv": [ 8, 7, 8, 7 ], "texture": "#texture" },
        "east":  { "uv": [ 8, 7, 8, 7 ], "texture": "#texture" }
    }
},
{
    "from": [ 6.5, 8, 12.5 ],
    "to": [ 9.5, 8.5, 13 ],
    "faces": {
        "down":  { "uv": [ 10, 7.5, 10, 7.5 ], "texture": "#texture" },
        "up":    { "uv": [ 10, 7.5, 10, 7.5 ], "texture": "#texture" },
        "north": { "uv": [ 10, 7.5, 10, 7.5 ], "texture": "#texture" },
        "south": { "uv": [ 10, 7.5, 10, 7.5 ], "texture": "#texture" },
        "west":  { "uv": [ 10, 7.5, 10, 7.5 ], "texture": "#texture" },
        "east":  { "uv": [ 10, 7.5, 10, 7.5 ], "texture": "#texture" }
    }
},
{
    "from": [ 6.5, 8, 11.5 ],
    "to": [ 9.5, 8.5, 12 ],
    "faces": {
        "down":  { "uv": [ 10, 7.5, 10, 7.5 ], "texture": "#texture" },
        "up":    { "uv": [ 10, 7.5, 10, 7.5 ], "texture": "#texture" },
        "north": { "uv": [ 10, 7.5, 10, 7.5 ], "texture": "#texture" },
        "south": { "uv": [ 10, 7.5, 10, 7.5 ], "texture": "#texture" },
        "west":  { "uv": [ 10, 7.5, 10, 7.5 ], "texture": "#texture" },
        "east":  { "uv": [ 10, 7.5, 10, 7.5 ], "texture": "#texture" }
    }
},
{
    "from": [ 6.5, 8, 6.5 ],
    "to": [ 9.5, 8.5, 11 ],
    "faces": {
        "down":  { "uv": [ 10, 7.5, 10, 7.5 ], "texture": "#texture" },
        "up":    { "uv": [ 10, 7.5, 10, 7.5 ], "texture": "#texture" },
        "north": { "uv": [ 10, 7.5, 10, 7.5 ], "texture": "#texture" },
        "south": { "uv": [ 10, 7.5, 10, 7.5 ], "texture": "#texture" },
        "west":  { "uv": [ 10, 7.5, 10, 7.5 ], "texture": "#texture" },
        "east":  { "uv": [ 10, 7.5, 10, 7.5 ], "texture": "#texture" }
    }
},
{
    "from": [ 7.75, 5.5, 10.5 ],
    "to": [ 8.25, 6, 10.5625 ],
    "faces": {
        "north": { "uv": [ 0, 0, 0, 0 ], "texture": "#texture" },
        "south": { "uv": [ 0, 0, 0, 0 ], "texture": "#texture" }
    }
},
{
    "from": [ 7.5, 4.875, 9.4375 ],
    "to": [ 8.5, 6.375, 9.5 ],
    "rotation": { "origin": [ 7.5, 6.375, 9.4375 ], "axis": "x", "angle": -22.5 },
    "faces": {
        "north": { "uv": [ 0, 0, 0, 0 ], "texture": "#texture" },
        "south": { "uv": [ 0, 0, 0, 0 ], "texture": "#texture" }
    }
},
{
    "from": [ 7.5, 5, 10 ],
    "to": [ 8.5, 5, 12 ],
    "faces": {
        "down":  { "uv": [ 0, 0, 0, 0 ], "texture": "#texture" },
        "up":    { "uv": [ 0, 0, 0, 0 ], "texture": "#texture" }
    }
},
{
    "from": [ 7.75, 1.5, 4.5 ],
    "to": [ 8.25, 6.5, 5.5 ],
    "rotation": { "origin": [ 7.75, 6.5, 4.5 ], "axis": "z", "angle": 22.5 },
    "faces": {
        "down":  { "uv": [ 1.5, 2, 1.5, 2 ], "texture": "#texture" },
        "up":    { "uv": [ 1.5, 2, 1.5, 2 ], "texture": "#texture" },
        "north": { "uv": [ 1.5, 2, 1.5, 2 ], "texture": "#texture" },
        "south": { "uv": [ 1.5, 2, 1.5, 2 ], "texture": "#texture" },
        "west":  { "uv": [ 1.5, 2, 1.5, 2 ], "texture": "#texture" },
        "east":  { "uv": [ 1.5, 2, 1.5, 2 ], "texture": "#texture" }
    }
},
{
    "from": [ 7.75, 1.625, 4.5 ],
    "to": [ 8.25, 6.625, 5.5 ],
    "rotation": { "origin": [ 7.75, 6.625, 4.5 ], "axis": "z", "angle": -22.5 },
    "faces": {
        "down":  { "uv": [ 1.5, 2, 1.5, 2 ], "texture": "#texture" },
        "up":    { "uv": [ 1.5, 2, 1.5, 2 ], "texture": "#texture" },
        "north": { "uv": [ 1.5, 2, 1.5, 2 ], "texture": "#texture" },
        "south": { "uv": [ 1.5, 2, 1.5, 2 ], "texture": "#texture" },
        "west":  { "uv": [ 1.5, 2, 1.5, 2 ], "texture": "#texture" },
        "east":  { "uv": [ 1.5, 2, 1.5, 2 ], "texture": "#texture" }
    }
},
{
    "from": [ 7.5, 5.75, 4 ],
    "to": [ 8.5, 6.75, 7.5 ],
    "faces": {
        "down":  { "uv": [ 1.5, 2, 1.5, 2 ], "texture": "#texture" },
        "up":    { "uv": [ 1.5, 2, 1.5, 2 ], "texture": "#texture" },
        "north": { "uv": [ 1.5, 2, 1.5, 2 ], "texture": "#texture" },
        "south": { "uv": [ 1.5, 2, 1.5, 2 ], "texture": "#texture" },
        "west":  { "uv": [ 1.5, 2, 1.5, 2 ], "texture": "#texture" },
        "east":  { "uv": [ 1.5, 2, 1.5, 2 ], "texture": "#texture" }
    }
},
{
    "from": [ 3.75, 5.5, 7.5 ],
    "to": [ 4.25, 6, 9.5 ],
    "faces": {
        "down":  { "uv": [ 1.5, 2, 1.5, 2 ], "texture": "#texture" },
        "up":    { "uv": [ 1.5, 2, 1.5, 2 ], "texture": "#texture" },
        "north": { "uv": [ 1.5, 2, 1.5, 2 ], "texture": "#texture" },
        "south": { "uv": [ 1.5, 2, 1.5, 2 ], "texture": "#texture" },
        "west":  { "uv": [ 1.5, 2, 1.5, 2 ], "texture": "#texture" },
        "east":  { "uv": [ 1.5, 2, 1.5, 2 ], "texture": "#texture" }
    }
},
{
    "from": [ 3.75, 5.5, 9 ],
    "to": [ 4.25, 7, 9.5 ],
    "faces": {
        "down":  { "uv": [ 1.5, 2, 1.5, 2 ], "texture": "#texture" },
        "up":    { "uv": [ 1.5, 2, 1.5, 2 ], "texture": "#texture" },
        "north": { "uv": [ 1.5, 2, 1.5, 2 ], "texture": "#texture" },
        "south": { "uv": [ 1.5, 2, 1.5, 2 ], "texture": "#texture" },
        "west":  { "uv": [ 1.5, 2, 1.5, 2 ], "texture": "#texture" },
        "east":  { "uv": [ 1.5, 2, 1.5, 2 ], "texture": "#texture" }
    }
},
{
    "from": [ 3.75, 5.5, 7.5 ],
    "to": [ 4.25, 7, 8 ],
    "faces": {
        "down":  { "uv": [ 1.5, 2, 1.5, 2 ], "texture": "#texture" },
        "up":    { "uv": [ 1.5, 2, 1.5, 2 ], "texture": "#texture" },
        "north": { "uv": [ 1.5, 2, 1.5, 2 ], "texture": "#texture" },
        "south": { "uv": [ 1.5, 2, 1.5, 2 ], "texture": "#texture" },
        "west":  { "uv": [ 1.5, 2, 1.5, 2 ], "texture": "#texture" },
        "east":  { "uv": [ 1.5, 2, 1.5, 2 ], "texture": "#texture" }
    }
},
{
    "from": [ 4.5, 4, 6.75 ],
    "to": [ 7, 7.5, 10.25 ],
    "faces": {
        "down":  { "uv": [ 1.5, 2, 1.5, 2 ], "texture": "#texture" },
        "up":    { "uv": [ 1.5, 2, 1.5, 2 ], "texture": "#texture" },
        "north": { "uv": [ 1.5, 2, 1.5, 2 ], "texture": "#texture" },
        "south": { "uv": [ 1.5, 2, 1.5, 2 ], "texture": "#texture" },
        "west":  { "uv": [ 1.5, 2, 1.5, 2 ], "texture": "#texture" },
        "east":  { "uv": [ 1.5, 2, 1.5, 2 ], "texture": "#texture" }
    }
},
{
    "from": [ 4, 7.5, 7.5 ],
    "to": [ 7, 8, 9.5 ],
    "rotation": { "origin": [ 4, 8, 7.5 ], "axis": "z", "angle": 22.5 },
    "faces": {
        "down":  { "uv": [ 1.5, 2, 1.5, 2 ], "texture": "#texture" },
        "up":    { "uv": [ 1.5, 2, 1.5, 2 ], "texture": "#texture" },
        "north": { "uv": [ 1.5, 2, 1.5, 2 ], "texture": "#texture" },
        "south": { "uv": [ 1.5, 2, 1.5, 2 ], "texture": "#texture" },
        "west":  { "uv": [ 1.5, 2, 1.5, 2 ], "texture": "#texture" },
        "east":  { "uv": [ 1.5, 2, 1.5, 2 ], "texture": "#texture" }
    }
},
{
    "from": [ 7.5, 4.5, 13 ],
    "to": [ 8.5, 6.5, 13.5 ],
    "rotation": { "origin": [ 7.5, 6.5, 13 ], "axis": "x", "angle": 45 },
    "faces": {
        "down":  { "uv": [ 1.5, 2, 1.5, 2 ], "texture": "#texture" },
        "up":    { "uv": [ 1.5, 2, 1.5, 2 ], "texture": "#texture" },
        "north": { "uv": [ 1.5, 2, 1.5, 2 ], "texture": "#texture" },
        "south": { "uv": [ 1.5, 2, 1.5, 2 ], "texture": "#texture" },
        "west":  { "uv": [ 1.5, 2, 1.5, 2 ], "texture": "#texture" },
        "east":  { "uv": [ 1.5, 2, 1.5, 2 ], "texture": "#texture" }
    }
},
{
    "from": [ 7.5, 4.5, 12 ],
    "to": [ 8.5, 6.5, 12.5 ],
    "faces": {
        "down":  { "uv": [ 1.5, 2, 1.5, 2 ], "texture": "#texture" },
        "up":    { "uv": [ 1.5, 2, 1.5, 2 ], "texture": "#texture" },
        "north": { "uv": [ 1.5, 2, 1.5, 2 ], "texture": "#texture" },
        "south": { "uv": [ 1.5, 2, 1.5, 2 ], "texture": "#texture" },
        "west":  { "uv": [ 1.5, 2, 1.5, 2 ], "texture": "#texture" },
        "east":  { "uv": [ 1.5, 2, 1.5, 2 ], "texture": "#texture" }
    }
},
{
    "from": [ 8, 9, 10.5 ],
    "to": [ 8, 10, 11.5 ],
    "faces": {
        "west":  { "uv": [ 1.5, 2, 1.5, 2 ], "texture": "#texture" },
        "east":  { "uv": [ 1.5, 2, 1.5, 2 ], "texture": "#texture" }
    }
},
{
    "from": [ 7.75, 8.5, 3 ],
    "to": [ 8.25, 9, 5.5 ],
    "faces": {
        "down":  { "uv": [ 6, 7, 6, 7 ], "texture": "#texture" },
        "up":    { "uv": [ 6, 7, 6, 7 ], "texture": "#texture" },
        "north": { "uv": [ 6, 7, 6, 7 ], "texture": "#texture" },
        "south": { "uv": [ 6, 7, 6, 7 ], "texture": "#texture" },
        "west":  { "uv": [ 6, 7, 6, 7 ], "texture": "#texture" },
        "east":  { "uv": [ 4.5, 5.5, 4.5, 5.5 ], "texture": "#texture" }
    }
},
{
    "from": [ 8.5, 8, 1.5 ],
    "to": [ 9, 9, 6 ],
    "faces": {
        "down":  { "uv": [ 11, 11.5, 11.5, 12 ], "texture": "#texture" },
        "up":    { "uv": [ 11, 11.5, 11.5, 12 ], "texture": "#texture" },
        "north": { "uv": [ 11, 11.5, 11.5, 12 ], "texture": "#texture" },
        "south": { "uv": [ 11, 11.5, 11.5, 12 ], "texture": "#texture" },
        "west":  { "uv": [ 11, 11.5, 11.5, 12 ], "texture": "#texture" },
        "east":  { "uv": [ 11, 11.5, 11.5, 12 ], "texture": "#texture" }
    }
},
{
    "from": [ 7, 8, 1.5 ],
    "to": [ 7.5, 9, 6 ],
    "faces": {
        "down":  { "uv": [ 11, 11.5, 11.5, 12 ], "texture": "#texture" },
        "up":    { "uv": [ 11, 11.5, 11.5, 12 ], "texture": "#texture" },
        "north": { "uv": [ 11, 11.5, 11.5, 12 ], "texture": "#texture" },
        "south": { "uv": [ 11, 11.5, 11.5, 12 ], "texture": "#texture" },
        "west":  { "uv": [ 11, 11.5, 11.5, 12 ], "texture": "#texture" },
        "east":  { "uv": [ 11, 11.5, 11.5, 12 ], "texture": "#texture" }
    }
},
{
    "from": [ 7.75, 8.5, -2 ],
    "to": [ 8.25, 10, -1.5 ],
    "faces": {
        "down":  { "uv": [ 1.5, 2, 1.5, 2 ], "texture": "#texture" },
        "up":    { "uv": [ 1.5, 2, 1.5, 2 ], "texture": "#texture" },
        "north": { "uv": [ 1.5, 2, 1.5, 2 ], "texture": "#texture" },
        "south": { "uv": [ 1.5, 2, 1.5, 2 ], "texture": "#texture" },
        "west":  { "uv": [ 1.5, 2, 1.5, 2 ], "texture": "#texture" },
        "east":  { "uv": [ 1.5, 2, 1.5, 2 ], "texture": "#texture" }
    }
},
{
    "from": [ 7.5, 8.5, 5.5 ],
    "to": [ 8.5, 9.5, 13.5 ],
    "faces": {
        "down":  { "uv": [ 6, 7, 6, 7 ], "texture": "#texture" },
        "up":    { "uv": [ 6, 7, 6, 7 ], "texture": "#texture" },
        "north": { "uv": [ 6, 7, 6, 7 ], "texture": "#texture" },
        "south": { "uv": [ 6, 7, 6, 7 ], "texture": "#texture" },
        "west":  { "uv": [ 6, 7, 6, 7 ], "texture": "#texture" },
        "east":  { "uv": [ 4.5, 5.5, 4.5, 5.5 ], "texture": "#texture" }
    }
},
{
    "from": [ 4, 3.5, 7 ],
    "to": [ 7.5, 8, 10 ],
    "faces": {
        "down":  { "uv": [ 4, 10.5, 4, 10.5 ], "texture": "#texture" },
        "up":    { "uv": [ 4, 10.5, 4, 10.5 ], "texture": "#texture" },
        "north": { "uv": [ 4, 10.5, 4, 10.5 ], "texture": "#texture" },
        "south": { "uv": [ 4, 10.5, 4, 10.5 ], "texture": "#texture" },
        "west":  { "uv": [ 4, 10.5, 4, 10.5 ], "texture": "#texture" },
        "east":  { "uv": [ 4, 10.5, 4, 10.5 ], "texture": "#texture" }
    }
},
{
    "from": [ 6.75, 8.5, 14 ],
    "to": [ 9.25, 9.5, 18 ],
    "faces": {
        "down":  { "uv": [ 1.5, 2, 1.5, 2 ], "texture": "#texture" },
        "up":    { "uv": [ 1.5, 2, 1.5, 2 ], "texture": "#texture" },
        "north": { "uv": [ 1.5, 2, 1.5, 2 ], "texture": "#texture" },
        "south": { "uv": [ 1.5, 2, 1.5, 2 ], "texture": "#texture" },
        "west":  { "uv": [ 1.5, 2, 1.5, 2 ], "texture": "#texture" },
        "east":  { "uv": [ 1.5, 2, 1.5, 2 ], "texture": "#texture" }
    }
},
{
    "from": [ 6.75, 4.5, 18.5 ],
    "to": [ 9.25, 9.5, 19.5 ],
    "faces": {
        "down":  { "uv": [ 1.5, 2, 1.5, 2 ], "texture": "#texture" },
        "up":    { "uv": [ 1.5, 2, 1.5, 2 ], "texture": "#texture" },
        "north": { "uv": [ 1.5, 2, 1.5, 2 ], "texture": "#texture" },
        "south": { "uv": [ 1.5, 2, 1.5, 2 ], "texture": "#texture" },
        "west":  { "uv": [ 1.5, 2, 1.5, 2 ], "texture": "#texture" },
        "east":  { "uv": [ 1.5, 2, 1.5, 2 ], "texture": "#texture" }
    }
},
{
    "from": [ 7, 7, 13.5 ],
    "to": [ 9, 9, 19 ],
    "faces": {
        "down":  { "uv": [ 5.5, 5, 5.5, 5 ], "texture": "#texture" },
        "up":    { "uv": [ 5.5, 5, 5.5, 5 ], "texture": "#texture" },
        "north": { "uv": [ 5.5, 5, 5.5, 5 ], "texture": "#texture" },
        "south": { "uv": [ 5.5, 5, 5.5, 5 ], "texture": "#texture" },
        "west":  { "uv": [ 5.5, 5, 5.5, 5 ], "texture": "#texture" },
        "east":  { "uv": [ 5.5, 5, 5.5, 5 ], "texture": "#texture" }
    }
},
{
    "from": [ 7, 6.6875, 17 ],
    "to": [ 9, 8.1875, 19.9999 ],
    "rotation": { "origin": [ 7, 8.1875, 17 ], "axis": "x", "angle": 45 },
    "faces": {
        "down":  { "uv": [ 5.5, 5, 5.5, 5 ], "texture": "#texture" },
        "up":    { "uv": [ 5.5, 5, 5.5, 5 ], "texture": "#texture" },
        "north": { "uv": [ 5.5, 5, 5.5, 5 ], "texture": "#texture" },
        "south": { "uv": [ 5.5, 5, 5.5, 5 ], "texture": "#texture" },
        "west":  { "uv": [ 5.5, 5, 5.5, 5 ], "texture": "#texture" },
        "east":  { "uv": [ 5.5, 5, 5.5, 5 ], "texture": "#texture" }
    }
},
{
    "from": [ 7, 5, 18 ],
    "to": [ 9, 9, 19 ],
    "faces": {
        "down":  { "uv": [ 5.5, 5, 5.5, 5 ], "texture": "#texture" },
        "up":    { "uv": [ 5.5, 5, 5.5, 5 ], "texture": "#texture" },
        "north": { "uv": [ 5.5, 5, 5.5, 5 ], "texture": "#texture" },
        "south": { "uv": [ 5.5, 5, 5.5, 5 ], "texture": "#texture" },
        "west":  { "uv": [ 5.5, 5, 5.5, 5 ], "texture": "#texture" },
        "east":  { "uv": [ 5.5, 5, 5.5, 5 ], "texture": "#texture" }
    }
},
{
    "from": [ 7.5, 6.5, 13.5 ],
    "to": [ 8.5, 9, 18.5 ],
    "faces": {
        "down":  { "uv": [ 5.5, 5, 5.5, 5 ], "texture": "#texture" },
        "up":    { "uv": [ 5.5, 5, 5.5, 5 ], "texture": "#texture" },
        "north": { "uv": [ 5.5, 5, 5.5, 5 ], "texture": "#texture" },
        "south": { "uv": [ 5.5, 5, 5.5, 5 ], "texture": "#texture" },
        "west":  { "uv": [ 5.5, 5, 5.5, 5 ], "texture": "#texture" },
        "east":  { "uv": [ 5.5, 5, 5.5, 5 ], "texture": "#texture" }
    }
},
{
    "from": [ 7.5, 2.5, 11 ],
    "to": [ 8.5, 6, 12 ],
    "rotation": { "origin": [ 7.5, 6, 11 ], "axis": "x", "angle": -22.5 },
    "faces": {
        "down":  { "uv": [ 1.5, 2, 1.5, 2 ], "texture": "#texture" },
        "up":    { "uv": [ 1.5, 2, 1.5, 2 ], "texture": "#texture" },
        "north": { "uv": [ 1.5, 2, 1.5, 2 ], "texture": "#texture" },
        "south": { "uv": [ 1.5, 2, 1.5, 2 ], "texture": "#texture" },
        "west":  { "uv": [ 1.5, 2, 1.5, 2 ], "texture": "#texture" },
        "east":  { "uv": [ 1.5, 2, 1.5, 2 ], "texture": "#texture" }
    }
},
{
    "from": [ 7.25, 6, 6 ],
    "to": [ 8.75, 7.5, 13.5 ],
    "faces": {
        "down":  { "uv": [ 6, 7, 6, 7 ], "texture": "#texture" },
        "up":    { "uv": [ 6, 7, 6, 7 ], "texture": "#texture" },
        "north": { "uv": [ 6, 7, 6, 7 ], "texture": "#texture" },
        "south": { "uv": [ 6, 7, 6, 7 ], "texture": "#texture" },
        "west":  { "uv": [ 6, 7, 6, 7 ], "texture": "#texture" },
        "east":  { "uv": [ 4.5, 5.5, 4.5, 5.5 ], "texture": "#texture" }
    }
},
{
    "from": [ 6.75, 7.5, 6 ],
    "to": [ 9.25, 9, 13.5 ],
    "faces": {
        "down":  { "uv": [ 8, 7, 8, 7 ], "texture": "#texture" },
        "up":    { "uv": [ 8, 7, 8, 7 ], "texture": "#texture" },
        "north": { "uv": [ 8, 7, 8, 7 ], "texture": "#texture" },
        "south": { "uv": [ 8, 7, 8, 7 ], "texture": "#texture" },
        "west":  { "uv": [ 8, 7, 8, 7 ], "texture": "#texture" },
        "east":  { "uv": [ 8, 7, 8, 7 ], "texture": "#texture" }
    }
},
{
    "from": [ 7.25, 7.5, 5 ],
    "to": [ 8.75, 8.5, 9.5 ],
    "faces": {
        "down":  { "uv": [ 6, 7, 6, 7 ], "texture": "#texture" },
        "up":    { "uv": [ 6, 7, 6, 7 ], "texture": "#texture" },
        "north": { "uv": [ 6, 7, 6, 7 ], "texture": "#texture" },
        "south": { "uv": [ 6, 7, 6, 7 ], "texture": "#texture" },
        "west":  { "uv": [ 6, 7, 6, 7 ], "texture": "#texture" },
        "east":  { "uv": [ 4.5, 5.5, 4.5, 5.5 ], "texture": "#texture" }
    }
},
{
    "from": [ 7, 6.25, 3.5 ],
    "to": [ 9, 7.75, 9.5 ],
    "faces": {
        "down":  { "uv": [ 5.5, 5, 5.5, 5 ], "texture": "#texture" },
        "up":    { "uv": [ 5.5, 5, 5.5, 5 ], "texture": "#texture" },
        "north": { "uv": [ 5.5, 5, 5.5, 5 ], "texture": "#texture" },
        "south": { "uv": [ 5.5, 5, 5.5, 5 ], "texture": "#texture" },
        "west":  { "uv": [ 5.5, 5, 5.5, 5 ], "texture": "#texture" },
        "east":  { "uv": [ 5.5, 5, 5.5, 5 ], "texture": "#texture" }
    }
},
{
    "from": [ 7.75, 6.5, 5.5 ],
    "to": [ 8.25, 7.5, 6 ],
    "faces": {
        "down":  { "uv": [ 1.5, 2, 1.5, 2 ], "texture": "#texture" },
        "up":    { "uv": [ 1.5, 2, 1.5, 2 ], "texture": "#texture" },
        "north": { "uv": [ 1.5, 2, 1.5, 2 ], "texture": "#texture" },
        "south": { "uv": [ 1.5, 2, 1.5, 2 ], "texture": "#texture" },
        "west":  { "uv": [ 1.5, 2, 1.5, 2 ], "texture": "#texture" },
        "east":  { "uv": [ 1.5, 2, 1.5, 2 ], "texture": "#texture" }
    }
},
{
    "from": [ 7.75, 6.5, 1 ],
    "to": [ 8.25, 7.5, 1.5 ],
    "faces": {
        "down":  { "uv": [ 1.5, 2, 1.5, 2 ], "texture": "#texture" },
        "up":    { "uv": [ 1.5, 2, 1.5, 2 ], "texture": "#texture" },
        "north": { "uv": [ 1.5, 2, 1.5, 2 ], "texture": "#texture" },
        "south": { "uv": [ 1.5, 2, 1.5, 2 ], "texture": "#texture" },
        "west":  { "uv": [ 1.5, 2, 1.5, 2 ], "texture": "#texture" },
        "east":  { "uv": [ 1.5, 2, 1.5, 2 ], "texture": "#texture" }
    }
},
{
    "from": [ 7.75, 6.5, 0 ],
    "to": [ 8.25, 7.5, 0.5 ],
    "faces": {
        "down":  { "uv": [ 1.5, 2, 1.5, 2 ], "texture": "#texture" },
        "up":    { "uv": [ 1.5, 2, 1.5, 2 ], "texture": "#texture" },
        "north": { "uv": [ 1.5, 2, 1.5, 2 ], "texture": "#texture" },
        "south": { "uv": [ 1.5, 2, 1.5, 2 ], "texture": "#texture" },
        "west":  { "uv": [ 1.5, 2, 1.5, 2 ], "texture": "#texture" },
        "east":  { "uv": [ 1.5, 2, 1.5, 2 ], "texture": "#texture" }
    }
},
{
    "from": [ 7.75, 6.5, -1 ],
    "to": [ 8.25, 7, 9 ],
    "faces": {
        "down":  { "uv": [ 1.5, 2, 1.5, 2 ], "texture": "#texture" },
        "up":    { "uv": [ 1.5, 2, 1.5, 2 ], "texture": "#texture" },
        "north": { "uv": [ 1.5, 2, 1.5, 2 ], "texture": "#texture" },
        "south": { "uv": [ 1.5, 2, 1.5, 2 ], "texture": "#texture" },
        "west":  { "uv": [ 1.5, 2, 1.5, 2 ], "texture": "#texture" },
        "east":  { "uv": [ 1.5, 2, 1.5, 2 ], "texture": "#texture" }
    }
},
{
    "from": [ 7.5, 7.5, -3 ],
    "to": [ 8.5, 8.5, 5 ],
    "faces": {
        "down":  { "uv": [ 1.5, 2, 1.5, 2 ], "texture": "#texture" },
        "up":    { "uv": [ 1.5, 2, 1.5, 2 ], "texture": "#texture" },
        "north": { "uv": [ 1.5, 2, 1.5, 2 ], "texture": "#texture" },
        "south": { "uv": [ 1.5, 2, 1.5, 2 ], "texture": "#texture" },
        "west":  { "uv": [ 1.5, 2, 1.5, 2 ], "texture": "#texture" },
        "east":  { "uv": [ 1.5, 2, 1.5, 2 ], "texture": "#texture" }
    }
}
],
"display": {
        "thirdperson": {
        "rotation": [ 98, 180, 6 ],
        "translation": [ 0.5, 3.8, -3.4 ],
        "scale": [ 1.23, 1.32, 1.29 ]
    },
    "head": {
        "rotation": [ 0, 0, 0 ],
        "translation": [ 0, 0, 0 ],
        "scale": [ 1, 1, 1 ]
    },
    "ground": {
        "rotation": [ 0, 0, 0 ],
        "translation": [ 0, 0, 0 ],
        "scale": [ 1, 1, 1 ]
    },
    "fixed": {
        "rotation": [ 0, 91, 0 ],
        "translation": [ 0.6, 2, -1.4 ],
        "scale": [ 3.4, 3.56, 3.59 ]
    },
    "firstperson": {
        "rotation": [ 4, -50, 0 ],
        "translation": [ -15, 9.6, 1.4 ],
        "scale": [ 0.6, 0.6, 0.56 ]
        },
        "gui": {
            "rotation": [ 0, 90, 0 ],
            "translation": [ 0, 0, 0 ],
            "scale": [ 1.5, 1.5, 1.5 ]
        },
        "head": {
            "rotation": [ -32, 0, 0 ],
            "translation": [ 0, 10, -2 ],
            "scale": [ 1.2, 1.2, 1.2 ]
        }
    }
}