{
"__comment": "Designed by Ignitingice with BDcraft Cubik PRO 0.93 Beta - http://bdcraft.net",
"textures": {
    "particle": "blocks/wool_colored_black",
    "texture": "blocks/wool_colored_silver"
},
"elements": [ 
{
    "__comment": "Hammer",
    "from": [ 7.25, 14.75, 10 ],
    "to": [ 8.75, 15.75, 10.75 ],
    "faces": {
        "down":  { "uv": [ 8.75, 10.75, 7.25, 10 ], "texture": "#texture" },
        "up":    { "uv": [ 7.25, 10, 8.75, 10.75 ], "texture": "#texture" },
        "north": { "uv": [ 7.25, 0.25, 8.75, 1.25 ], "texture": "#texture" },
        "south": { "uv": [ 7.25, 0.25, 8.75, 1.25 ], "texture": "#texture" },
        "west":  { "uv": [ 10, 0.25, 10.75, 1.25 ], "texture": "#texture" },
        "east":  { "uv": [ 5.25, 0.25, 6, 1.25 ], "texture": "#texture" }
    }
},
{
    "__comment": "Hammer",
    "from": [ 7.5, 14.5, 5.25 ],
    "to": [ 8.5, 14.75, 5.75 ],
    "faces": {
        "down":  { "uv": [ 8.5, 5.75, 7.5, 5.25 ], "texture": "#texture" },
        "up":    { "uv": [ 7.5, 5.25, 8.5, 5.75 ], "texture": "#texture" },
        "north": { "uv": [ 7.5, 1.25, 8.5, 1.5 ], "texture": "#texture" },
        "south": { "uv": [ 7.5, 1.25, 8.5, 1.5 ], "texture": "#texture" },
        "west":  { "uv": [ 5.25, 1.25, 5.75, 1.5 ], "texture": "#texture" },
        "east":  { "uv": [ 10.25, 1.25, 10.75, 1.5 ], "texture": "#texture" }
    }
},
{
    "__comment": "Hammer",
    "from": [ 7.5, 14.75, 5.5 ],
    "to": [ 8.5, 15, 6.25 ],
    "faces": {
        "down":  { "uv": [ 8.5, 6.25, 7.5, 5.5 ], "texture": "#texture" },
        "up":    { "uv": [ 7.5, 5.5, 8.5, 6.25 ], "texture": "#texture" },
        "north": { "uv": [ 7.5, 1, 8.5, 1.25 ], "texture": "#texture" },
        "south": { "uv": [ 7.5, 1, 8.5, 1.25 ], "texture": "#texture" },
        "west":  { "uv": [ 5.5, 1, 6.25, 1.25 ], "texture": "#texture" },
        "east":  { "uv": [ 9.75, 1, 10.5, 1.25 ], "texture": "#texture" }
    }
},
{
    "__comment": "Hammer",
    "from": [ 7.5, 15, 5.75 ],
    "to": [ 8.5, 15.25, 10 ],
    "faces": {
        "down":  { "uv": [ 8.5, 10, 7.5, 5.75 ], "texture": "#texture" },
        "up":    { "uv": [ 7.5, 5.75, 8.5, 10 ], "texture": "#texture" },
        "north": { "uv": [ 7.5, 0.75, 8.5, 1 ], "texture": "#texture" },
        "south": { "uv": [ 7.5, 0.75, 8.5, 1 ], "texture": "#texture" },
        "west":  { "uv": [ 5.75, 0.75, 10, 1 ], "texture": "#texture" },
        "east":  { "uv": [ 6, 0.75, 10.25, 1 ], "texture": "#texture" }
    }
},
{
    "__comment": "Hammer",
    "from": [ 7.5, 15.25, 6 ],
    "to": [ 8.5, 15.5, 10 ],
    "faces": {
        "down":  { "uv": [ 8.5, 10, 7.5, 6 ], "texture": "#texture" },
        "up":    { "uv": [ 7.5, 6, 8.5, 10 ], "texture": "#texture" },
        "north": { "uv": [ 7.5, 0.5, 8.5, 0.75 ], "texture": "#texture" },
        "south": { "uv": [ 7.5, 0.5, 8.5, 0.75 ], "texture": "#texture" },
        "west":  { "uv": [ 6, 0.5, 10, 0.75 ], "texture": "#texture" },
        "east":  { "uv": [ 6, 0.5, 10, 0.75 ], "texture": "#texture" }
    }
},
{
    "__comment": "Hammer",
    "from": [ 7.5, 15.5, 6.25 ],
    "to": [ 8.5, 15.75, 9.25 ],
    "faces": {
        "down":  { "uv": [ 8.5, 9.25, 7.5, 6.25 ], "texture": "#texture" },
        "up":    { "uv": [ 7.5, 6.25, 8.5, 9.25 ], "texture": "#texture" },
        "north": { "uv": [ 7.5, 0.25, 8.5, 0.5 ], "texture": "#texture" },
        "south": { "uv": [ 7.5, 0.25, 8.5, 0.5 ], "texture": "#texture" },
        "west":  { "uv": [ 6.25, 0.25, 9.25, 0.5 ], "texture": "#texture" },
        "east":  { "uv": [ 6.75, 0.25, 9.75, 0.5 ], "texture": "#texture" }
    }
},
{
    "__comment": "Hammer",
    "from": [ 7.5, 15.75, 6.75 ],
    "to": [ 8.5, 16, 9 ],
    "faces": {
        "down":  { "uv": [ 8.5, 9, 7.5, 6.75 ], "texture": "#texture" },
        "up":    { "uv": [ 7.5, 6.75, 8.5, 9 ], "texture": "#texture" },
        "north": { "uv": [ 7.5, 0, 8.5, 0.25 ], "texture": "#texture" },
        "south": { "uv": [ 7.5, 0, 8.5, 0.25 ], "texture": "#texture" },
        "west":  { "uv": [ 6.75, 0, 9, 0.25 ], "texture": "#texture" },
        "east":  { "uv": [ 7, 0, 9.25, 0.25 ], "texture": "#texture" }
    }
},
{
    "__comment": "Hammer",
    "from": [ 7.5, 14, 7.25 ],
    "to": [ 8.5, 15, 8.75 ],
    "faces": {
        "down":  { "uv": [ 8.5, 8.75, 7.5, 7.25 ], "texture": "#texture" },
        "up":    { "uv": [ 7.5, 7.25, 8.5, 8.75 ], "texture": "#texture" },
        "north": { "uv": [ 7.5, 1, 8.5, 2 ], "texture": "#texture" },
        "south": { "uv": [ 7.5, 1, 8.5, 2 ], "texture": "#texture" },
        "west":  { "uv": [ 7.25, 1, 8.75, 2 ], "texture": "#texture" },
        "east":  { "uv": [ 7.25, 1, 8.75, 2 ], "texture": "#texture" }
    }
},
{
    "__comment": "Hammer",
    "from": [ 7.5, 0.5, 7.5 ],
    "to": [ 8.25, 6.75, 8.75 ],
    "faces": {
        "down":  { "uv": [ 8.5, 8.75, 7.75, 7.5 ], "texture": "#particle" },
        "up":    { "uv": [ 7.5, 7.5, 8.25, 8.75 ], "texture": "#particle" },
        "north": { "uv": [ 7.75, 9.25, 8.5, 15.5 ], "texture": "#particle" },
        "south": { "uv": [ 7.5, 9.25, 8.25, 15.5 ], "texture": "#particle" },
        "west":  { "uv": [ 7.5, 9.25, 8.75, 15.5 ], "texture": "#particle" },
        "east":  { "uv": [ 7.25, 9.25, 8.5, 15.5 ], "texture": "#particle" }
    }
},
{
    "__comment": "Hammer",
    "from": [ 7.5, 13.25, 7.5 ],
    "to": [ 8.5, 14, 8.75 ],
    "faces": {
        "down":  { "uv": [ 8.5, 8.75, 7.5, 7.5 ], "texture": "#texture" },
        "up":    { "uv": [ 7.5, 7.5, 8.5, 8.75 ], "texture": "#texture" },
        "north": { "uv": [ 7.5, 2, 8.5, 2.75 ], "texture": "#texture" },
        "south": { "uv": [ 7.5, 2, 8.5, 2.75 ], "texture": "#texture" },
        "west":  { "uv": [ 7.5, 2, 8.75, 2.75 ], "texture": "#texture" },
        "east":  { "uv": [ 7.25, 2, 8.5, 2.75 ], "texture": "#texture" }
    }
},
{
    "__comment": "Hammer",
    "from": [ 7.5, 0, 7.75 ],
    "to": [ 8.5, 0.5, 8.75 ],
    "faces": {
        "down":  { "uv": [ 8.5, 8.75, 7.5, 7.75 ], "texture": "#particle" },
        "up":    { "uv": [ 7.5, 7.75, 8.5, 8.75 ], "texture": "#particle" },
        "north": { "uv": [ 7.5, 15.5, 8.5, 16 ], "texture": "#particle" },
        "south": { "uv": [ 7.5, 15.5, 8.5, 16 ], "texture": "#particle" },
        "west":  { "uv": [ 7.75, 15.5, 8.75, 16 ], "texture": "#particle" },
        "east":  { "uv": [ 7.25, 15.5, 8.25, 16 ], "texture": "#particle" }
    }
},
{
    "__comment": "Hammer",
    "from": [ 7.5, 6.75, 7.75 ],
    "to": [ 8.25, 13.25, 8.5 ],
    "faces": {
        "down":  { "uv": [ 8.5, 8.5, 7.75, 7.75 ], "texture": "#texture" },
        "up":    { "uv": [ 7.5, 7.75, 8.25, 8.5 ], "texture": "#texture" },
        "north": { "uv": [ 7.75, 2.75, 8.5, 9.25 ], "texture": "#texture" },
        "south": { "uv": [ 7.5, 2.75, 8.25, 9.25 ], "texture": "#texture" },
        "west":  { "uv": [ 7.75, 2.75, 8.5, 9.25 ], "texture": "#texture" },
        "east":  { "uv": [ 7.5, 2.75, 8.25, 9.25 ], "texture": "#texture" }
    }
},
{
    "__comment": "Hammer",
    "from": [ 7.5, 14.25, 8.75 ],
    "to": [ 8.5, 15, 9 ],
    "faces": {
        "down":  { "uv": [ 8.5, 9, 7.5, 8.75 ], "texture": "#texture" },
        "up":    { "uv": [ 7.5, 8.75, 8.5, 9 ], "texture": "#texture" },
        "north": { "uv": [ 7.5, 1, 8.5, 1.75 ], "texture": "#texture" },
        "south": { "uv": [ 7.5, 1, 8.5, 1.75 ], "texture": "#texture" },
        "west":  { "uv": [ 8.75, 1, 9, 1.75 ], "texture": "#texture" },
        "east":  { "uv": [ 7, 1, 7.25, 1.75 ], "texture": "#texture" }
    }
},
{
    "__comment": "Hammer",
    "from": [ 7.5, 14.75, 9 ],
    "to": [ 8.5, 15, 9.25 ],
    "faces": {
        "down":  { "uv": [ 8.5, 9.25, 7.5, 9 ], "texture": "#texture" },
        "up":    { "uv": [ 7.5, 9, 8.5, 9.25 ], "texture": "#texture" },
        "north": { "uv": [ 7.5, 1, 8.5, 1.25 ], "texture": "#texture" },
        "south": { "uv": [ 7.5, 1, 8.5, 1.25 ], "texture": "#texture" },
        "west":  { "uv": [ 9, 1, 9.25, 1.25 ], "texture": "#texture" },
        "east":  { "uv": [ 6.75, 1, 7, 1.25 ], "texture": "#texture" }
    }
},
{
    "__comment": "Hammer",
    "from": [ 7.5, 14.75, 9.5 ],
    "to": [ 8.5, 15, 10 ],
    "faces": {
        "down":  { "uv": [ 8.5, 10, 7.5, 9.5 ], "texture": "#texture" },
        "up":    { "uv": [ 7.5, 9.5, 8.5, 10 ], "texture": "#texture" },
        "north": { "uv": [ 7.5, 1, 8.5, 1.25 ], "texture": "#texture" },
        "south": { "uv": [ 7.5, 1, 8.5, 1.25 ], "texture": "#texture" },
        "west":  { "uv": [ 9.5, 1, 10, 1.25 ], "texture": "#texture" },
        "east":  { "uv": [ 6, 1, 6.5, 1.25 ], "texture": "#texture" }
    }
},
{
    "__comment": "Hammer",
    "from": [ 7.5, 15.5, 9.5 ],
    "to": [ 8.5, 15.75, 10 ],
    "faces": {
        "down":  { "uv": [ 8.5, 10, 7.5, 9.5 ], "texture": "#texture" },
        "up":    { "uv": [ 7.5, 9.5, 8.5, 10 ], "texture": "#texture" },
        "north": { "uv": [ 7.5, 0.25, 8.5, 0.5 ], "texture": "#texture" },
        "south": { "uv": [ 7.5, 0.25, 8.5, 0.5 ], "texture": "#texture" },
        "west":  { "uv": [ 9.5, 0.25, 10, 0.5 ], "texture": "#texture" },
        "east":  { "uv": [ 6, 0.25, 6.5, 0.5 ], "texture": "#texture" }
    }
},
{
    "__comment": "Hammer",
    "from": [ 7.5, 14.5, 10 ],
    "to": [ 8.5, 14.75, 10.75 ],
    "faces": {
        "down":  { "uv": [ 8.5, 10.75, 7.5, 10 ], "texture": "#texture" },
        "up":    { "uv": [ 7.5, 10, 8.5, 10.75 ], "texture": "#texture" },
        "north": { "uv": [ 7.5, 1.25, 8.5, 1.5 ], "texture": "#texture" },
        "south": { "uv": [ 7.5, 1.25, 8.5, 1.5 ], "texture": "#texture" },
        "west":  { "uv": [ 10, 1.25, 10.75, 1.5 ], "texture": "#texture" },
        "east":  { "uv": [ 5.25, 1.25, 6, 1.5 ], "texture": "#texture" }
    }
},
{
    "__comment": "Hammer",
    "from": [ 7.5, 15.75, 10 ],
    "to": [ 8.5, 16, 10.75 ],
    "faces": {
        "down":  { "uv": [ 8.5, 10.75, 7.5, 10 ], "texture": "#texture" },
        "up":    { "uv": [ 7.5, 10, 8.5, 10.75 ], "texture": "#texture" },
        "north": { "uv": [ 7.5, 0, 8.5, 0.25 ], "texture": "#texture" },
        "south": { "uv": [ 7.5, 0, 8.5, 0.25 ], "texture": "#texture" },
        "west":  { "uv": [ 10, 0, 10.75, 0.25 ], "texture": "#texture" },
        "east":  { "uv": [ 5.25, 0, 6, 0.25 ], "texture": "#texture" }
    }
},
{
    "__comment": "Hammer",
    "from": [ 7.75, 1.5, 7.25 ],
    "to": [ 8.25, 3.75, 7.5 ],
    "faces": {
        "down":  { "uv": [ 8.25, 7.5, 7.75, 7.25 ], "texture": "#particle" },
        "up":    { "uv": [ 7.75, 7.25, 8.25, 7.5 ], "texture": "#particle" },
        "north": { "uv": [ 7.75, 12.25, 8.25, 14.5 ], "texture": "#particle" },
        "south": { "uv": [ 7.75, 12.25, 8.25, 14.5 ], "texture": "#particle" },
        "west":  { "uv": [ 7.25, 12.25, 7.5, 14.5 ], "texture": "#particle" },
        "east":  { "uv": [ 8.5, 12.25, 8.75, 14.5 ], "texture": "#particle" }
    }
},
{
    "__comment": "Hammer",
    "from": [ 7.75, 0, 7.5 ],
    "to": [ 8.25, 0.5, 7.75 ],
    "faces": {
        "down":  { "uv": [ 8.25, 7.75, 7.75, 7.5 ], "texture": "#particle" },
        "up":    { "uv": [ 7.75, 7.5, 8.25, 7.75 ], "texture": "#particle" },
        "north": { "uv": [ 7.75, 15.5, 8.25, 16 ], "texture": "#particle" },
        "south": { "uv": [ 7.75, 15.5, 8.25, 16 ], "texture": "#particle" },
        "west":  { "uv": [ 7.5, 15.5, 7.75, 16 ], "texture": "#particle" },
        "east":  { "uv": [ 8.25, 15.5, 8.5, 16 ], "texture": "#particle" }
    }
},
{
    "__comment": "Hammer",
    "from": [ 7.75, 6.75, 7.5 ],
    "to": [ 8.25, 8.75, 7.75 ],
    "faces": {
        "down":  { "uv": [ 8.25, 7.75, 7.75, 7.5 ], "texture": "#texture" },
        "up":    { "uv": [ 7.75, 7.5, 8.25, 7.75 ], "texture": "#texture" },
        "north": { "uv": [ 7.75, 7.25, 8.25, 9.25 ], "texture": "#texture" },
        "south": { "uv": [ 7.75, 7.25, 8.25, 9.25 ], "texture": "#texture" },
        "west":  { "uv": [ 7.5, 7.25, 7.75, 9.25 ], "texture": "#texture" },
        "east":  { "uv": [ 8.25, 7.25, 8.5, 9.25 ], "texture": "#texture" }
    }
},
{
    "__comment": "Hammer",
    "from": [ 7.75, 6.75, 8.5 ],
    "to": [ 8.25, 11.75, 8.75 ],
    "faces": {
        "down":  { "uv": [ 8.25, 8.75, 7.75, 8.5 ], "texture": "#texture" },
        "up":    { "uv": [ 7.75, 8.5, 8.25, 8.75 ], "texture": "#texture" },
        "north": { "uv": [ 7.75, 4.25, 8.25, 9.25 ], "texture": "#texture" },
        "south": { "uv": [ 7.75, 4.25, 8.25, 9.25 ], "texture": "#texture" },
        "west":  { "uv": [ 8.5, 4.25, 8.75, 9.25 ], "texture": "#texture" },
        "east":  { "uv": [ 7.25, 4.25, 7.5, 9.25 ], "texture": "#texture" }
    }
},
{
    "__comment": "Hammer",
    "from": [ 7.75, 0.25, 8.75 ],
    "to": [ 8.25, 5.25, 9 ],
    "faces": {
        "down":  { "uv": [ 8.25, 9, 7.75, 8.75 ], "texture": "#particle" },
        "up":    { "uv": [ 7.75, 8.75, 8.25, 9 ], "texture": "#particle" },
        "north": { "uv": [ 7.75, 10.75, 8.25, 15.75 ], "texture": "#particle" },
        "south": { "uv": [ 7.75, 10.75, 8.25, 15.75 ], "texture": "#particle" },
        "west":  { "uv": [ 8.75, 10.75, 9, 15.75 ], "texture": "#particle" },
        "east":  { "uv": [ 7, 10.75, 7.25, 15.75 ], "texture": "#particle" }
    }
},
{
    "__comment": "Hammer",
    "from": [ 7.75, 14.75, 9.25 ],
    "to": [ 8.25, 15, 9.5 ],
    "faces": {
        "down":  { "uv": [ 8.25, 9.5, 7.75, 9.25 ], "texture": "#texture" },
        "up":    { "uv": [ 7.75, 9.25, 8.25, 9.5 ], "texture": "#texture" },
        "north": { "uv": [ 7.75, 1, 8.25, 1.25 ], "texture": "#texture" },
        "south": { "uv": [ 7.75, 1, 8.25, 1.25 ], "texture": "#texture" },
        "west":  { "uv": [ 9.25, 1, 9.5, 1.25 ], "texture": "#texture" },
        "east":  { "uv": [ 6.5, 1, 6.75, 1.25 ], "texture": "#texture" }
    }
},
{
    "__comment": "Hammer",
    "from": [ 7.75, 15.5, 9.25 ],
    "to": [ 8.25, 15.75, 9.5 ],
    "faces": {
        "down":  { "uv": [ 8.25, 9.5, 7.75, 9.25 ], "texture": "#texture" },
        "up":    { "uv": [ 7.75, 9.25, 8.25, 9.5 ], "texture": "#texture" },
        "north": { "uv": [ 7.75, 0.25, 8.25, 0.5 ], "texture": "#texture" },
        "south": { "uv": [ 7.75, 0.25, 8.25, 0.5 ], "texture": "#texture" },
        "west":  { "uv": [ 9.25, 0.25, 9.5, 0.5 ], "texture": "#texture" },
        "east":  { "uv": [ 6.5, 0.25, 6.75, 0.5 ], "texture": "#texture" }
    }
},
{
    "__comment": "Hammer",
    "from": [ 7.75, 14.5, 9.75 ],
    "to": [ 8.25, 14.75, 10 ],
    "faces": {
        "down":  { "uv": [ 8.25, 10, 7.75, 9.75 ], "texture": "#texture" },
        "up":    { "uv": [ 7.75, 9.75, 8.25, 10 ], "texture": "#texture" },
        "north": { "uv": [ 7.75, 1.25, 8.25, 1.5 ], "texture": "#texture" },
        "south": { "uv": [ 7.75, 1.25, 8.25, 1.5 ], "texture": "#texture" },
        "west":  { "uv": [ 9.75, 1.25, 10, 1.5 ], "texture": "#texture" },
        "east":  { "uv": [ 6, 1.25, 6.25, 1.5 ], "texture": "#texture" }
    }
},
{
    "__comment": "Hammer",
    "from": [ 7.75, 15.75, 9.75 ],
    "to": [ 8.25, 16, 10 ],
    "faces": {
        "down":  { "uv": [ 8.25, 10, 7.75, 9.75 ], "texture": "#texture" },
        "up":    { "uv": [ 7.75, 9.75, 8.25, 10 ], "texture": "#texture" },
        "north": { "uv": [ 7.75, 0, 8.25, 0.25 ], "texture": "#texture" },
        "south": { "uv": [ 7.75, 0, 8.25, 0.25 ], "texture": "#texture" },
        "west":  { "uv": [ 9.75, 0, 10, 0.25 ], "texture": "#texture" },
        "east":  { "uv": [ 6, 0, 6.25, 0.25 ], "texture": "#texture" }
    }
},
{
    "__comment": "Hammer",
    "from": [ 8.25, 0.5, 7.5 ],
    "to": [ 8.5, 6.5, 8.75 ],
    "faces": {
        "down":  { "uv": [ 7.75, 8.75, 7.5, 7.5 ], "texture": "#particle" },
        "up":    { "uv": [ 8.25, 7.5, 8.5, 8.75 ], "texture": "#particle" },
        "north": { "uv": [ 7.5, 9.5, 7.75, 15.5 ], "texture": "#particle" },
        "south": { "uv": [ 8.25, 9.5, 8.5, 15.5 ], "texture": "#particle" },
        "west":  { "uv": [ 7.5, 9.5, 8.75, 15.5 ], "texture": "#particle" },
        "east":  { "uv": [ 7.25, 9.5, 8.5, 15.5 ], "texture": "#particle" }
    }
},
{
    "__comment": "Hammer",
    "from": [ 8.25, 6.5, 7.75 ],
    "to": [ 8.5, 6.75, 8.75 ],
    "faces": {
        "down":  { "uv": [ 7.75, 8.75, 7.5, 7.75 ], "texture": "#particle" },
        "up":    { "uv": [ 8.25, 7.75, 8.5, 8.75 ], "texture": "#particle" },
        "north": { "uv": [ 7.5, 9.25, 7.75, 9.5 ], "texture": "#particle" },
        "south": { "uv": [ 8.25, 9.25, 8.5, 9.5 ], "texture": "#particle" },
        "west":  { "uv": [ 7.75, 9.25, 8.75, 9.5 ], "texture": "#particle" },
        "east":  { "uv": [ 7.25, 9.25, 8.25, 9.5 ], "texture": "#particle" }
    }
},
{
    "__comment": "Hammer",
    "from": [ 8.25, 6.75, 7.75 ],
    "to": [ 8.5, 12.75, 8.5 ],
    "faces": {
        "down":  { "uv": [ 7.75, 8.5, 7.5, 7.75 ], "texture": "#texture" },
        "up":    { "uv": [ 8.25, 7.75, 8.5, 8.5 ], "texture": "#texture" },
        "north": { "uv": [ 7.5, 3.25, 7.75, 9.25 ], "texture": "#texture" },
        "south": { "uv": [ 8.25, 3.25, 8.5, 9.25 ], "texture": "#texture" },
        "west":  { "uv": [ 7.75, 3.25, 8.5, 9.25 ], "texture": "#texture" },
        "east":  { "uv": [ 7.5, 3.25, 8.25, 9.25 ], "texture": "#texture" }
    }
},
{
    "__comment": "Hammer",
    "from": [ 8.25, 13, 7.75 ],
    "to": [ 8.5, 13.25, 8.5 ],
    "faces": {
        "down":  { "uv": [ 7.75, 8.5, 7.5, 7.75 ], "texture": "#texture" },
        "up":    { "uv": [ 8.25, 7.75, 8.5, 8.5 ], "texture": "#texture" },
        "north": { "uv": [ 7.5, 2.75, 7.75, 3 ], "texture": "#texture" },
        "south": { "uv": [ 8.25, 2.75, 8.5, 3 ], "texture": "#texture" },
        "west":  { "uv": [ 7.75, 2.75, 8.5, 3 ], "texture": "#texture" },
        "east":  { "uv": [ 7.5, 2.75, 8.25, 3 ], "texture": "#texture" }
    }
},
{
    "__comment": "Hammer",
    "from": [ 8.25, 12.75, 8 ],
    "to": [ 8.5, 13, 8.5 ],
    "faces": {
        "down":  { "uv": [ 7.75, 8.5, 7.5, 8 ], "texture": "#texture" },
        "up":    { "uv": [ 8.25, 8, 8.5, 8.5 ], "texture": "#texture" },
        "north": { "uv": [ 7.5, 3, 7.75, 3.25 ], "texture": "#texture" },
        "south": { "uv": [ 8.25, 3, 8.5, 3.25 ], "texture": "#texture" },
        "west":  { "uv": [ 8, 3, 8.5, 3.25 ], "texture": "#texture" },
        "east":  { "uv": [ 7.5, 3, 8, 3.25 ], "texture": "#texture" }
    }
}
],
"display": {
    "thirdperson": {
        "rotation": [ -95, 0, 0 ],
        "translation": [ 0, 0.8, -2.5 ],
        "scale": [ 0.9, 0.9, 0.9 ]
    },
    "ground": {
        "rotation": [ 0, 0, 90 ],
        "translation": [ 0, -11.5, 0 ],
        "scale": [ 2, 2, 2 ]
    },
    "fixed": {
        "rotation": [ 45, 90, 0 ],
        "translation": [ -1.1, -0.4, 0 ],
        "scale": [ 2.8, 2.8, 2.8 ]
    },
    "firstperson": {
        "rotation": [ 0, 130, 0 ],
        "translation": [ 8.4, -2.8, -0.6 ],
        "scale": [ 2.3, 2.3, 2.3 ]
    },
    "gui": {
        "rotation": [ -30, 15, 45 ],
        "translation": [ 0, 0, 0 ],
        "scale": [ 1.4, 1.4, 1.4 ]
    }
}
}