{
  "parent": "item/handheld",
  "textures": {
    "layer0": "items/diamond_hoe"
  },
  "overrides": [
    {"predicate": {"damaged": 0, "damage": 0}, "model": "item/diamond_hoe"},
{ "predicate": {"damaged": 0, "damage": 0.3847631241997439}, "model": "item/diamond_hoe600"},
		{ "predicate": {"damaged": 0, "damage": 0.3854033290653009}, "model": "item/diamond_hoe601"},
		{ "predicate": {"damaged": 0, "damage": 0.3860435339308579}, "model": "item/diamond_hoe602"},
		{ "predicate": {"damaged": 0, "damage": 0.3866837387964148}, "model": "item/diamond_hoe603"},
		{ "predicate": {"damaged": 0, "damage": 0.3873239436619718}, "model": "item/diamond_hoe604"},
		{ "predicate": {"damaged": 0, "damage": 0.3879641485275288}, "model": "item/diamond_hoe605"},
		{ "predicate": {"damaged": 0, "damage": 0.3886043533930858}, "model": "item/diamond_hoe606"},
		{ "predicate": {"damaged": 0, "damage": 0.38924455825864274}, "model": "item/diamond_hoe607"},
		{ "predicate": {"damaged": 0, "damage": 0.38988476312419973}, "model": "item/diamond_hoe608"},
		{ "predicate": {"damaged": 0, "damage": 0.3905249679897567}, "model": "item/diamond_hoe609"},
		{ "predicate": {"damaged": 0, "damage": 0.39116517285531366}, "model": "item/diamond_hoe610"},
		{ "predicate": {"damaged": 0, "damage": 0.39180537772087065}, "model": "item/diamond_hoe611"},
		{ "predicate": {"damaged": 0, "damage": 0.39244558258642764}, "model": "item/diamond_hoe612"},
		{ "predicate": {"damaged": 0, "damage": 0.39308578745198464}, "model": "item/diamond_hoe613"},
		{ "predicate": {"damaged": 0, "damage": 0.3937259923175416}, "model": "item/diamond_hoe614"},
		{ "predicate": {"damaged": 0, "damage": 0.39436619718309857}, "model": "item/diamond_hoe615"},
		{ "predicate": {"damaged": 0, "damage": 0.39500640204865556}, "model": "item/diamond_hoe616"},
		{ "predicate": {"damaged": 0, "damage": 0.39564660691421255}, "model": "item/diamond_hoe617"},
		{ "predicate": {"damaged": 0, "damage": 0.3962868117797695}, "model": "item/diamond_hoe618"},
		{ "predicate": {"damaged": 0, "damage": 0.3969270166453265}, "model": "item/diamond_hoe619"},
		{ "predicate": {"damaged": 0, "damage": 0.3975672215108835}, "model": "item/diamond_hoe620"},
		{ "predicate": {"damaged": 0, "damage": 0.39820742637644047}, "model": "item/diamond_hoe621"},
		{ "predicate": {"damaged": 0, "damage": 0.3988476312419974}, "model": "item/diamond_hoe622"},
		{ "predicate": {"damaged": 0, "damage": 0.3994878361075544}, "model": "item/diamond_hoe623"},
		{ "predicate": {"damaged": 0, "damage": 0.4001280409731114}, "model": "item/diamond_hoe624"},
		{ "predicate": {"damaged": 0, "damage": 0.4007682458386684}, "model": "item/diamond_hoe625"},
		{ "predicate": {"damaged": 0, "damage": 0.4014084507042253}, "model": "item/diamond_hoe626"},
		{ "predicate": {"damaged": 0, "damage": 0.4020486555697823}, "model": "item/diamond_hoe627"},
		{ "predicate": {"damaged": 0, "damage": 0.4026888604353393}, "model": "item/diamond_hoe628"},
		{ "predicate": {"damaged": 0, "damage": 0.4033290653008963}, "model": "item/diamond_hoe629"},
		{ "predicate": {"damaged": 0, "damage": 0.40396927016645323}, "model": "item/diamond_hoe630"},
		{ "predicate": {"damaged": 0, "damage": 0.4046094750320102}, "model": "item/diamond_hoe631"},
		{ "predicate": {"damaged": 0, "damage": 0.4052496798975672}, "model": "item/diamond_hoe632"},
		{ "predicate": {"damaged": 0, "damage": 0.4058898847631242}, "model": "item/diamond_hoe633"},
		{ "predicate": {"damaged": 0, "damage": 0.40653008962868115}, "model": "item/diamond_hoe634"},
		{ "predicate": {"damaged": 0, "damage": 0.40717029449423814}, "model": "item/diamond_hoe635"},
		{ "predicate": {"damaged": 0, "damage": 0.40781049935979513}, "model": "item/diamond_hoe636"},
		{ "predicate": {"damaged": 0, "damage": 0.4084507042253521}, "model": "item/diamond_hoe637"},
		{ "predicate": {"damaged": 0, "damage": 0.40909090909090906}, "model": "item/diamond_hoe638"},
		{ "predicate": {"damaged": 0, "damage": 0.40973111395646605}, "model": "item/diamond_hoe639"},
		{ "predicate": {"damaged": 0, "damage": 0.41037131882202305}, "model": "item/diamond_hoe640"},
		{ "predicate": {"damaged": 0, "damage": 0.41101152368758}, "model": "item/diamond_hoe641"},
		{ "predicate": {"damaged": 0, "damage": 0.411651728553137}, "model": "item/diamond_hoe642"},
		{ "predicate": {"damaged": 0, "damage": 0.41229193341869397}, "model": "item/diamond_hoe643"},
		{ "predicate": {"damaged": 0, "damage": 0.41293213828425096}, "model": "item/diamond_hoe644"},
		{ "predicate": {"damaged": 0, "damage": 0.4135723431498079}, "model": "item/diamond_hoe645"},
		{ "predicate": {"damaged": 0, "damage": 0.4142125480153649}, "model": "item/diamond_hoe646"},
		{ "predicate": {"damaged": 0, "damage": 0.4148527528809219}, "model": "item/diamond_hoe647"},
		{ "predicate": {"damaged": 0, "damage": 0.4154929577464789}, "model": "item/diamond_hoe648"},
		{ "predicate": {"damaged": 0, "damage": 0.4161331626120358}, "model": "item/diamond_hoe649"},
		{ "predicate": {"damaged": 0, "damage": 0.4167733674775928}, "model": "item/diamond_hoe650"},
		{ "predicate": {"damaged": 0, "damage": 0.4174135723431498}, "model": "item/diamond_hoe651"},
		{ "predicate": {"damaged": 0, "damage": 0.4180537772087068}, "model": "item/diamond_hoe652"},
		{ "predicate": {"damaged": 0, "damage": 0.4186939820742637}, "model": "item/diamond_hoe653"},
		{ "predicate": {"damaged": 0, "damage": 0.4193341869398207}, "model": "item/diamond_hoe654"},
		{ "predicate": {"damaged": 0, "damage": 0.4199743918053777}, "model": "item/diamond_hoe655"},
		{ "predicate": {"damaged": 0, "damage": 0.4206145966709347}, "model": "item/diamond_hoe656"},
		{ "predicate": {"damaged": 0, "damage": 0.42125480153649164}, "model": "item/diamond_hoe657"},
		{ "predicate": {"damaged": 0, "damage": 0.42189500640204863}, "model": "item/diamond_hoe658"},
		{ "predicate": {"damaged": 0, "damage": 0.4225352112676056}, "model": "item/diamond_hoe659"},
		{ "predicate": {"damaged": 0, "damage": 0.4231754161331626}, "model": "item/diamond_hoe660"},
		{ "predicate": {"damaged": 0, "damage": 0.42381562099871956}, "model": "item/diamond_hoe661"},
		{ "predicate": {"damaged": 0, "damage": 0.42445582586427655}, "model": "item/diamond_hoe662"},
		{ "predicate": {"damaged": 0, "damage": 0.42509603072983354}, "model": "item/diamond_hoe663"},
		{ "predicate": {"damaged": 0, "damage": 0.42573623559539053}, "model": "item/diamond_hoe664"},
		{ "predicate": {"damaged": 0, "damage": 0.42637644046094747}, "model": "item/diamond_hoe665"},
		{ "predicate": {"damaged": 0, "damage": 0.42701664532650446}, "model": "item/diamond_hoe666"},
		{ "predicate": {"damaged": 0, "damage": 0.42765685019206146}, "model": "item/diamond_hoe667"},
		{ "predicate": {"damaged": 0, "damage": 0.42829705505761845}, "model": "item/diamond_hoe668"},
		{ "predicate": {"damaged": 0, "damage": 0.4289372599231754}, "model": "item/diamond_hoe669"},
		{ "predicate": {"damaged": 0, "damage": 0.4295774647887324}, "model": "item/diamond_hoe670"},
		{ "predicate": {"damaged": 0, "damage": 0.43021766965428937}, "model": "item/diamond_hoe671"},
		{ "predicate": {"damaged": 0, "damage": 0.4308578745198463}, "model": "item/diamond_hoe672"},
		{ "predicate": {"damaged": 0, "damage": 0.4314980793854033}, "model": "item/diamond_hoe673"},
		{ "predicate": {"damaged": 0, "damage": 0.4321382842509603}, "model": "item/diamond_hoe674"},
		{ "predicate": {"damaged": 0, "damage": 0.4327784891165173}, "model": "item/diamond_hoe675"},
		{ "predicate": {"damaged": 0, "damage": 0.4334186939820742}, "model": "item/diamond_hoe676"},
		{ "predicate": {"damaged": 0, "damage": 0.4340588988476312}, "model": "item/diamond_hoe677"},
		{ "predicate": {"damaged": 0, "damage": 0.4346991037131882}, "model": "item/diamond_hoe678"},
		{ "predicate": {"damaged": 0, "damage": 0.4353393085787452}, "model": "item/diamond_hoe679"},
		{ "predicate": {"damaged": 0, "damage": 0.43597951344430214}, "model": "item/diamond_hoe680"},
		{ "predicate": {"damaged": 0, "damage": 0.43661971830985913}, "model": "item/diamond_hoe681"},
		{ "predicate": {"damaged": 0, "damage": 0.4372599231754161}, "model": "item/diamond_hoe682"},
		{ "predicate": {"damaged": 0, "damage": 0.4379001280409731}, "model": "item/diamond_hoe683"},
		{ "predicate": {"damaged": 0, "damage": 0.43854033290653005}, "model": "item/diamond_hoe684"},
		{ "predicate": {"damaged": 0, "damage": 0.43918053777208704}, "model": "item/diamond_hoe685"},
		{ "predicate": {"damaged": 0, "damage": 0.43982074263764404}, "model": "item/diamond_hoe686"},
		{ "predicate": {"damaged": 0, "damage": 0.44046094750320103}, "model": "item/diamond_hoe687"},
		{ "predicate": {"damaged": 0, "damage": 0.44110115236875796}, "model": "item/diamond_hoe688"},
		{ "predicate": {"damaged": 0, "damage": 0.44174135723431496}, "model": "item/diamond_hoe689"},
		{ "predicate": {"damaged": 0, "damage": 0.44238156209987195}, "model": "item/diamond_hoe690"},
		{ "predicate": {"damaged": 0, "damage": 0.44302176696542894}, "model": "item/diamond_hoe691"},
		{ "predicate": {"damaged": 0, "damage": 0.4436619718309859}, "model": "item/diamond_hoe692"},
		{ "predicate": {"damaged": 0, "damage": 0.44430217669654287}, "model": "item/diamond_hoe693"},
		{ "predicate": {"damaged": 0, "damage": 0.44494238156209986}, "model": "item/diamond_hoe694"},
		{ "predicate": {"damaged": 0, "damage": 0.44558258642765686}, "model": "item/diamond_hoe695"},
		{ "predicate": {"damaged": 0, "damage": 0.4462227912932138}, "model": "item/diamond_hoe696"},
		{ "predicate": {"damaged": 0, "damage": 0.4468629961587708}, "model": "item/diamond_hoe697"},
		{ "predicate": {"damaged": 0, "damage": 0.4475032010243278}, "model": "item/diamond_hoe698"},
		{ "predicate": {"damaged": 0, "damage": 0.44814340588988477}, "model": "item/diamond_hoe699"},
    {"predicate": {"damaged": 1, "damage": 0}, "model": "item/diamond_hoe"}
  ]
}