{
    "__comment": "Model generated using MrCrayfish's Model Creator (http://mrcrayfish.com/modelcreator/)",
    "textures": {
        "0": "blocks/NormalGunModel",
        "1": "blocks/BrightGunModel"
    },
    "elements": [
        {
            "name": "Front Barrel",
            "from": [ -8.299999989569187, 6.699999995529652, 7.4000000059604645 ], 
            "to": [ 1.7000000104308128, 7.899999998509884, 8.600000008940697 ], 
            "faces": {
                "north": { "texture": "#0", "uv": [ 4.0, 5.0, 6.0, 6.4000000059604645 ] },
                "east": { "texture": "#0", "uv": [ 3.0, 3.0, 4.4000000059604645, 4.4000000059604645 ] },
                "south": { "texture": "#0", "uv": [ 8.0, 11.0, 10.0, 12.400000005960464 ] },
                "west": { "texture": "#0", "uv": [ 9.0, 6.0, 10.400000005960464, 7.4000000059604645 ] },
                "up": { "texture": "#0", "uv": [ 12.0, 7.0, 14.0, 8.400000005960464 ] },
                "down": { "texture": "#0", "uv": [ 4.0, 14.0, 6.0, 15.400000005960464 ] }
            }
        },
        {
            "name": "Body",
            "from": [ 9.0, 6.0, 6.799999997019768 ], 
            "to": [ 18.200000017881393, 9.49999999254942, 9.200000002980232 ], 
            "faces": {
                "north": { "texture": "#0", "uv": [ 8.0, 4.0, 16.0, 7.499999992549419 ] },
                "east": { "texture": "#0", "uv": [ 4.0, 5.0, 6.600000008940697, 8.49999999254942 ] },
                "south": { "texture": "#0", "uv": [ 7.0, 4.0, 15.0, 7.499999992549419 ] },
                "west": { "texture": "#0", "uv": [ 6.0, 3.0, 8.600000008940697, 6.499999992549419 ] },
                "up": { "texture": "#0", "uv": [ 2.0, 10.0, 10.0, 12.600000008940697 ] },
                "down": { "texture": "#0", "uv": [ 7.0, 5.0, 15.0, 7.600000008940697 ] }
            }
        },
        {
            "name": "Back Targeter Main",
            "from": [ 6.999999985098839, 8.0, 6.899999998509884 ], 
            "to": [ 8.999999985098839, 9.799999997019768, 9.100000001490116 ], 
            "faces": {
                "north": { "texture": "#0", "uv": [ 5.0, 5.0, 9.0, 6.799999997019768 ] },
                "east": { "texture": "#0", "uv": [ 1.0, 4.0, 5.0, 7.799999997019768 ] },
                "south": { "texture": "#0", "uv": [ 1.0, 5.0, 6.0, 9.799999997019768 ] },
                "west": { "texture": "#0", "uv": [ 0.0, 10.0, 4.0, 7.799999997019768 ] },
                "up": { "texture": "#0", "uv": [ 1.0, 4.0, 5.0, 8.0 ] },
                "down": { "texture": "#0", "uv": [ 2.0, 0.0, 6.0, 3.0 ] }
            }
        },
        {
            "name": "Back Targeter SL",
            "from": [ 8.300000004470348, 9.49999999254942, 8.100000016391277 ], 
            "to": [ 8.599999994039536, 10.49999999254942, 8.700000010430813 ], 
            "faces": {
                "north": { "texture": "#0", "uv": [ 8.0, 1.0, 8.599999994039536, 2.0 ] },
                "east": { "texture": "#0", "uv": [ 6.0, 4.0, 6.199999988079071, 5.0 ] },
                "south": { "texture": "#0", "uv": [ 4.0, 4.0, 4.5999999940395355, 5.0 ] },
                "west": { "texture": "#0", "uv": [ 3.0, 10.0, 3.199999988079071, 11.0 ] },
                "up": { "texture": "#0", "uv": [ 2.0, 2.0, 2.5999999940395355, 2.199999988079071 ] },
                "down": { "texture": "#0", "uv": [ 10.0, 11.0, 10.599999994039536, 11.199999988079071 ] }
            }
        },
        {
            "name": "Back Targeter SR",
            "from": [ 8.300000004470348, 9.49999999254942, 7.300000004470348 ], 
            "to": [ 8.599999994039536, 10.49999999254942, 7.899999998509884 ], 
            "faces": {
                "north": { "texture": "#0", "uv": [ 0.0, 5.0, 0.5999999940395355, 6.0 ] },
                "east": { "texture": "#0", "uv": [ 3.0, 14.0, 3.199999988079071, 15.0 ] },
                "south": { "texture": "#0", "uv": [ 3.0, 10.0, 3.5999999940395355, 11.0 ] },
                "west": { "texture": "#0", "uv": [ 8.0, 0.0, 8.199999988079071, 1.0 ] },
                "up": { "texture": "#0", "uv": [ 1.0, 0.0, 1.5999999940395355, 0.19999998807907104 ] },
                "down": { "texture": "#0", "uv": [ 13.0, 11.0, 13.599999994039536, 11.199999988079071 ] }
            }
        },
        {
            "name": "Front Targeter L",
            "from": [ -7.499999992549419, 9.0, 8.200000002980232 ], 
            "to": [ -6.699999995529652, 10.400000020861626, 8.399999991059303 ], 
            "faces": {
                "north": { "texture": "#0", "uv": [ 4.0, 3.0, 4.799999997019768, 4.400000020861626 ] },
                "east": { "texture": "#0", "uv": [ 5.0, 8.0, 5.199999988079071, 9.400000020861626 ] },
                "south": { "texture": "#0", "uv": [ 8.0, 10.0, 8.799999997019768, 11.400000020861626 ] },
                "west": { "texture": "#0", "uv": [ 10.0, 7.0, 10.199999988079071, 8.400000020861626 ] },
                "up": { "texture": "#0", "uv": [ 10.0, 9.0, 10.799999997019768, 9.199999988079071 ] },
                "down": { "texture": "#0", "uv": [ 7.0, 7.0, 7.799999997019768, 7.199999988079071 ] }
            }
        },
        {
            "name": "Front Targeter R",
            "from": [ -7.499999992549419, 9.0, 7.5999999940395355 ], 
            "to": [ -6.699999995529652, 10.400000020861626, 7.799999982118607 ], 
            "faces": {
                "north": { "texture": "#0", "uv": [ 4.0, 3.0, 5.0, 4.400000020861626 ] },
                "east": { "texture": "#0", "uv": [ 5.0, 8.0, 5.199999988079071, 9.400000020861626 ] },
                "south": { "texture": "#0", "uv": [ 8.0, 10.0, 8.799999997019768, 11.400000020861626 ] },
                "west": { "texture": "#0", "uv": [ 10.0, 7.0, 10.199999988079071, 8.400000020861626 ] },
                "up": { "texture": "#0", "uv": [ 10.0, 9.0, 10.799999997019768, 9.199999988079071 ] },
                "down": { "texture": "#0", "uv": [ 7.0, 7.0, 7.799999997019768, 7.199999988079071 ] }
            }
        },
        {
            "name": "Front Targeter Body",
            "from": [ -7.499999992549419, 7.099999986588955, 7.499999992549419 ], 
            "to": [ -6.499999992549419, 9.50000000745058, 8.49999999254942 ], 
            "faces": {
                "north": { "texture": "#0", "uv": [ 4.0, 3.0, 4.799999997019768, 6.400000020861626 ] },
                "east": { "texture": "#0", "uv": [ 5.0, 8.0, 6.0, 11.400000020861626 ] },
                "south": { "texture": "#0", "uv": [ 8.0, 10.0, 8.799999997019768, 13.400000020861626 ] },
                "west": { "texture": "#0", "uv": [ 10.0, 7.0, 11.0, 10.400000020861626 ] },
                "up": { "texture": "#0", "uv": [ 10.0, 9.0, 10.799999997019768, 10.0 ] },
                "down": { "texture": "#0", "uv": [ 7.0, 7.0, 7.799999997019768, 8.0 ] }
            }
        },
        {
            "name": "Front Targeter M",
            "from": [ -7.099999986588955, 9.0, 7.899999998509884 ], 
            "to": [ -7.0, 10.200000017881393, 8.099999986588955 ], 
            "faces": {
                "north": { "texture": "#0", "uv": [ 12.0, 10.0, 12.099999986588955, 11.200000017881393 ] },
                "east": { "texture": "#0", "uv": [ 10.0, 11.0, 10.199999988079071, 12.200000017881393 ] },
                "south": { "texture": "#0", "uv": [ 12.0, 10.0, 12.099999986588955, 9.200000017881393 ] },
                "west": { "texture": "#0", "uv": [ 13.0, 5.0, 13.199999988079071, 6.200000017881393 ] },
                "up": { "texture": "#0", "uv": [ 12.0, 9.0, 12.099999986588955, 9.199999988079071 ] },
                "down": { "texture": "#0", "uv": [ 12.0, 6.0, 12.099999986588955, 6.199999988079071 ] }
            }
        },
        {
            "name": "Clip Top",
            "from": [ 10.0, 3.2000000029802322, 7.0 ], 
            "to": [ 12.900000013411045, 6.0, 9.0 ], 
            "faces": {
                "north": { "texture": "#0", "uv": [ 0.0, 9.0, 2.5000000074505806, 11.49999999254942 ] },
                "east": { "texture": "#0", "uv": [ 0.0, 9.0, 2.0, 11.49999999254942 ] },
                "south": { "texture": "#0", "uv": [ 0.0, 9.0, 2.5000000074505806, 11.49999999254942 ] },
                "west": { "texture": "#0", "uv": [ 0.0, 8.0, 2.0, 10.49999999254942 ] },
                "up": { "texture": "#0", "uv": [ 0.0, 9.0, 2.5000000074505806, 11.0 ] },
                "down": { "texture": "#0", "uv": [ 0.0, 8.0, 2.5000000074505806, 10.0 ] }
            }
        },
        {
            "name": "Clip Bottom",
            "from": [ 10.100000001490116, 0.4999999925494194, 7.0 ], 
            "to": [ 13.000000014901161, 4.0, 9.0 ], 
            "rotation": { "origin": [ 11.0, 4.0, 8.0 ], "axis": "z", "angle": -22.5 },
            "faces": {
                "north": { "texture": "#0", "uv": [ 5.0, 6.0, 7.600000008940697, 9.0 ] },
                "east": { "texture": "#0", "uv": [ 0.0, 9.0, 2.0, 12.0 ] },
                "south": { "texture": "#0", "uv": [ 4.0, 8.0, 6.600000008940697, 11.0 ] },
                "west": { "texture": "#0", "uv": [ 0.0, 8.0, -13.0, 10.0 ] },
                "up": { "texture": "#0", "uv": [ 4.0, 8.0, 6.600000008940697, 10.0 ] },
                "down": { "texture": "#0", "uv": [ 0.0, 8.0, 2.6000000089406967, 10.0 ] }
            }
        },
        {
            "name": "Back Handle",
            "from": [ 14.0, -0.800000011920929, 7.0 ], 
            "to": [ 15.799999997019768, 3.4999999925494194, 9.0 ], 
            "rotation": { "origin": [ 8.0, 8.0, 8.0 ], "axis": "z", "angle": 22.5 },
            "faces": {
                "north": { "texture": "#1", "uv": [ 9.0, 11.0, 11.0, 15.0 ] },
                "east": { "texture": "#1", "uv": [ 10.0, 10.0, 12.0, 14.0 ] },
                "south": { "texture": "#1", "uv": [ 8.0, 7.0, 10.0, 11.0 ] },
                "west": { "texture": "#1", "uv": [ 8.0, 7.0, 10.0, 11.0 ] },
                "up": { "texture": "#1", "uv": [ 7.0, 9.0, 9.0, 11.0 ] },
                "down": { "texture": "#1", "uv": [ 8.0, 9.0, 10.0, 11.0 ] }
            }
        },
        {
            "name": "Shooter Vertical Piece",
            "from": [ 12.100000001490116, 2.800000011920929, 7.700000010430813 ], 
            "to": [ 12.299999989569187, 4.800000011920929, 8.300000004470348 ], 
            "rotation": { "origin": [ 8.0, 8.0, 8.0 ], "axis": "z", "angle": 22.5 },
            "faces": {
                "north": { "texture": "#1", "uv": [ 0.0, 0.0, 0.19999998807907104, 2.0 ] },
                "east": { "texture": "#1", "uv": [ 0.0, 0.0, 0.5999999940395355, 2.0 ] },
                "south": { "texture": "#1", "uv": [ 0.0, 0.0, 0.19999998807907104, 2.0 ] },
                "west": { "texture": "#1", "uv": [ 0.0, 0.0, 0.5999999940395355, 2.0 ] },
                "up": { "texture": "#1", "uv": [ 0.0, 0.0, 0.19999998807907104, 0.5999999940395355 ] },
                "down": { "texture": "#1", "uv": [ 0.0, 0.0, 0.19999998807907104, 0.5999999940395355 ] }
            }
        },
        {
            "name": "Shooter Horizontal Piece",
            "from": [ 13.899999998509884, 4.800000011920929, 7.700000010430813 ], 
            "to": [ 15.800000011920929, 4.999999985098839, 8.300000004470348 ], 
            "faces": {
                "north": { "texture": "#1", "uv": [ 0.0, 0.0, 1.900000013411045, 0.19999997317790985 ] },
                "east": { "texture": "#1", "uv": [ 0.0, 0.0, 0.5999999940395355, 0.19999997317790985 ] },
                "south": { "texture": "#1", "uv": [ 0.0, 0.0, 1.900000013411045, 0.19999997317790985 ] },
                "west": { "texture": "#1", "uv": [ 0.0, 0.0, 0.5999999940395355, 0.19999997317790985 ] },
                "up": { "texture": "#1", "uv": [ 0.0, 0.0, 1.900000013411045, 0.5999999940395355 ] },
                "down": { "texture": "#1", "uv": [ 0.0, 0.0, 1.900000013411045, 0.5999999940395355 ] }
            }
        },
        {
            "name": "Stock Up",
            "from": [ 18.0, 6.000000014901161, 7.0 ], 
            "to": [ 26.0, 8.400000020861626, 9.0 ], 
            "faces": {
                "north": { "texture": "#1", "uv": [ 6.0, 7.0, 12.0, 9.0 ] },
                "east": { "texture": "#1", "uv": [ 4.0, 5.0, 6.0, 7.0 ] },
                "south": { "texture": "#1", "uv": [ 2.0, 3.0, 8.0, 5.0 ] },
                "west": { "texture": "#1", "uv": [ 2.0, 6.0, 4.0, 8.0 ] },
                "up": { "texture": "#1", "uv": [ 5.0, 8.0, 11.0, 10.0 ] },
                "down": { "texture": "#1", "uv": [ 6.0, 5.0, 12.0, 7.0 ] }
            }
        },
        {
            "name": "Stock Side",
            "from": [ 24.0, 4.000000014901161, 7.0 ], 
            "to": [ 26.0, 7.999999985098839, 9.0 ], 
            "faces": {
                "north": { "texture": "#1", "uv": [ 7.0, 3.0, 9.0, 5.999999970197678 ] },
                "east": { "texture": "#1", "uv": [ 9.0, 11.0, 11.0, 13.999999970197678 ] },
                "south": { "texture": "#1", "uv": [ 3.0, 7.0, 5.0, 9.999999970197678 ] },
                "west": { "texture": "#1", "uv": [ 7.0, 8.0, 9.0, 10.999999970197678 ] },
                "up": { "texture": "#1", "uv": [ 6.0, 2.0, 8.0, 4.0 ] },
                "down": { "texture": "#1", "uv": [ 4.0, 11.0, 6.0, 13.0 ] }
            }
        },
        {
            "name": "Stock Under",
            "from": [ 19.99999998509884, 10.800000011920929, 7.0 ], 
            "to": [ 25.299999989569187, 13.099999971687794, 9.0 ], 
            "rotation": { "origin": [ 8.0, 8.0, 8.0 ], "axis": "z", "angle": -22.5 },
            "faces": {
                "north": { "texture": "#1", "uv": [ 7.0, 8.0, 11.50000000745058, 10.299999959766865 ] },
                "east": { "texture": "#1", "uv": [ 14.0, 13.0, 16.0, 15.299999959766865 ] },
                "south": { "texture": "#1", "uv": [ 6.0, 10.0, 10.50000000745058, 12.299999959766865 ] },
                "west": { "texture": "#1", "uv": [ 7.0, 5.0, 9.0, 7.299999959766865 ] },
                "up": { "texture": "#1", "uv": [ 4.0, 6.0, 8.50000000745058, 8.0 ] },
                "down": { "texture": "#1", "uv": [ 5.0, 5.0, 9.50000000745058, 7.0 ] }
            }
        },
        {
            "name": "Mid Barrel",
            "from": [ 1.6999999955296516, 6.300000004470348, 7.000000014901161 ], 
            "to": [ 9.0, 8.400000005960464, 9.0 ], 
            "faces": {
                "north": { "texture": "#1", "uv": [ 3.0, 11.0, 10.0, 13.799999997019768 ] },
                "east": { "texture": "#1", "uv": [ 11.0, 0.0, 13.799999997019768, 2.7999999970197678 ] },
                "south": { "texture": "#1", "uv": [ 3.0, 10.0, 11.0, 12.799999997019768 ] },
                "west": { "texture": "#1", "uv": [ 8.0, 6.0, 10.799999997019768, 8.799999997019768 ] },
                "up": { "texture": "#1", "uv": [ 6.0, 4.0, 13.0, 6.799999997019768 ] },
                "down": { "texture": "#1", "uv": [ 5.0, 7.0, 12.0, 9.799999997019768 ] }
            }
        },
        {
            "name": "Front Targeter Base",
            "from": [ -2.900000013411045, 6.699999995529652, 7.4000000059604645 ], 
            "to": [ -1.900000013411045, 9.300000004470348, 8.599999994039536 ], 
            "faces": {
                "north": { "texture": "#0", "uv": [ 2.0, 1.0, 3.0, 2.5999999940395355 ] },
                "east": { "texture": "#0", "uv": [ 6.0, 4.0, 7.5999999940395355, 5.5999999940395355 ] },
                "south": { "texture": "#0", "uv": [ 4.0, 6.0, 5.0, 7.5999999940395355 ] },
                "west": { "texture": "#0", "uv": [ 7.0, 10.0, 8.599999994039536, 11.599999994039536 ] },
                "up": { "texture": "#0", "uv": [ 8.0, 11.0, 9.0, 12.599999994039536 ] },
                "down": { "texture": "#0", "uv": [ 8.0, 6.0, 9.0, 7.5999999940395355 ] }
            }
        },
        {
            "name": "Up Mid Barrel",
            "from": [ 1.6999999806284904, 8.399999976158142, 7.000000014901161 ], 
            "to": [ 7.099999971687794, 9.499999977648258, 9.0 ], 
            "faces": {
                "north": { "texture": "#1", "uv": [ 2.0, 10.0, 9.0, 12.799999997019768 ] },
                "east": { "texture": "#1", "uv": [ 11.0, 0.0, 13.799999997019768, 2.7999999970197678 ] },
                "south": { "texture": "#1", "uv": [ 3.0, 13.0, 11.0, 15.799999997019768 ] },
                "west": { "texture": "#1", "uv": [ 6.0, 3.0, 8.799999997019768, 5.799999997019768 ] },
                "up": { "texture": "#1", "uv": [ 7.0, 6.0, 14.0, 8.799999997019768 ] },
                "down": { "texture": "#1", "uv": [ 0.0, 9.0, 7.0, 11.799999997019768 ] }
            }
        },
        {
            "name": "Upper Barrel",
            "from": [ -2.6999999806284904, 8.200000002980232, 7.4000000059604645 ], 
            "to": [ 2.3000000193715096, 9.400000005960464, 8.600000008940697 ], 
            "faces": {
                "north": { "texture": "#0", "uv": [ 4.0, 5.0, 6.0, 6.4000000059604645 ] },
                "east": { "texture": "#0", "uv": [ 3.0, 3.0, 4.4000000059604645, 4.4000000059604645 ] },
                "south": { "texture": "#0", "uv": [ 8.0, 11.0, 10.0, 12.400000005960464 ] },
                "west": { "texture": "#0", "uv": [ 9.0, 6.0, 10.400000005960464, 7.4000000059604645 ] },
                "up": { "texture": "#0", "uv": [ 12.0, 7.0, 14.0, 8.400000005960464 ] },
                "down": { "texture": "#0", "uv": [ 4.0, 14.0, 6.0, 15.400000005960464 ] }
            }
        },
        {
            "name": "Back Mid Barrel",
            "from": [ 6.699999995529652, 6.300000004470348, 6.800000011920929 ], 
            "to": [ 9.0, 8.400000005960464, 9.200000002980232 ], 
            "faces": {
                "north": { "texture": "#1", "uv": [ 3.0, 11.0, 10.0, 13.799999997019768 ] },
                "east": { "texture": "#1", "uv": [ 11.0, 0.0, 13.799999997019768, 2.7999999970197678 ] },
                "south": { "texture": "#1", "uv": [ 3.0, 10.0, 11.0, 12.799999997019768 ] },
                "west": { "texture": "#1", "uv": [ 8.0, 6.0, 10.799999997019768, 8.799999997019768 ] },
                "up": { "texture": "#1", "uv": [ 6.0, 4.0, 13.0, 6.799999997019768 ] },
                "down": { "texture": "#1", "uv": [ 5.0, 7.0, 12.0, 9.799999997019768 ] }
            }
        },
        {
            "name": "Front",
            "from": [ -11.19999997317791, 6.5999999940395355, 7.300000004470348 ], 
            "to": [ -8.19999997317791, 8.0, 8.700000010430813 ], 
            "faces": {
                "north": { "texture": "#0", "uv": [ 4.0, 5.0, 6.0, 6.4000000059604645 ] },
                "east": { "texture": "#0", "uv": [ 3.0, 3.0, 4.4000000059604645, 4.4000000059604645 ] },
                "south": { "texture": "#0", "uv": [ 8.0, 11.0, 10.0, 12.400000005960464 ] },
                "west": { "texture": "#0", "uv": [ 9.0, 6.0, 10.400000005960464, 7.4000000059604645 ] },
                "up": { "texture": "#0", "uv": [ 12.0, 7.0, 14.0, 8.400000005960464 ] },
                "down": { "texture": "#0", "uv": [ 4.0, 14.0, 6.0, 15.400000005960464 ] }
            }
        },
        {
            "name": "Cube",
            "from": [ -12.19999997317791, 6.5999999940395355, 7.300000004470348 ], 
            "to": [ -8.19999997317791, 6.799999997019768, 8.700000010430813 ], 
            "faces": {
                "north": { "texture": "#0", "uv": [ 4.0, 5.0, 6.0, 6.4000000059604645 ] },
                "east": { "texture": "#0", "uv": [ 3.0, 3.0, 4.4000000059604645, 4.4000000059604645 ] },
                "south": { "texture": "#0", "uv": [ 8.0, 11.0, 10.0, 12.400000005960464 ] },
                "west": { "texture": "#0", "uv": [ 9.0, 6.0, 10.400000005960464, 7.4000000059604645 ] },
                "up": { "texture": "#0", "uv": [ 12.0, 7.0, 14.0, 8.400000005960464 ] },
                "down": { "texture": "#0", "uv": [ 4.0, 14.0, 6.0, 15.400000005960464 ] }
            }
        },
        {
            "name": "Cube",
            "from": [ -12.19999997317791, 7.799999997019768, 7.300000004470348 ], 
            "to": [ -8.19999997317791, 8.0, 8.700000010430813 ], 
            "faces": {
                "north": { "texture": "#0", "uv": [ 4.0, 5.0, 6.0, 6.4000000059604645 ] },
                "east": { "texture": "#0", "uv": [ 3.0, 3.0, 4.4000000059604645, 4.4000000059604645 ] },
                "south": { "texture": "#0", "uv": [ 8.0, 11.0, 10.0, 12.400000005960464 ] },
                "west": { "texture": "#0", "uv": [ 9.0, 6.0, 10.400000005960464, 7.4000000059604645 ] },
                "up": { "texture": "#0", "uv": [ 12.0, 7.0, 14.0, 8.400000005960464 ] },
                "down": { "texture": "#0", "uv": [ 4.0, 14.0, 6.0, 15.400000005960464 ] }
            }
        },
        {
            "name": "Cube",
            "from": [ -12.19999997317791, 6.599999979138374, 7.300000004470348 ], 
            "to": [ -11.999999985098839, 7.999999985098839, 8.700000004470349 ], 
            "faces": {
                "north": { "texture": "#0", "uv": [ 4.0, 5.0, 6.0, 6.4000000059604645 ] },
                "east": { "texture": "#0", "uv": [ 3.0, 3.0, 4.4000000059604645, 4.4000000059604645 ] },
                "south": { "texture": "#0", "uv": [ 8.0, 11.0, 10.0, 12.400000005960464 ] },
                "west": { "texture": "#0", "uv": [ 9.0, 6.0, 10.400000005960464, 7.4000000059604645 ] },
                "up": { "texture": "#0", "uv": [ 12.0, 7.0, 14.0, 8.400000005960464 ] },
                "down": { "texture": "#0", "uv": [ 4.0, 14.0, 6.0, 15.400000005960464 ] }
            }
        }
    ],
    "display": {
    "thirdperson_righthand": {
        "rotation": [ 90, -90, 90 ],
        "translation": [ 0, 4, -1.7 ],
        "scale": [ 0.5, 0.5, 0.5 ]
    },
	"thirdperson_lefthand": {
        "rotation": [ -90, 90, 90 ],
        "translation": [ 0, 4, -1.7 ],
        "scale": [ 0.5, 0.5, 0.5 ]
    },
    "ground": {
        "rotation": [ 0, 0, 0 ],
        "translation": [ 0, 0, 0 ],
        "scale": [ 1, 1, 1 ]
    },
    "fixed": {
        "rotation": [ 0, 180, -45 ],
        "translation": [ -0.9, -1.1, -1.2 ],
        "scale": [ 1.5, 1.5, 1.5 ]
    },
    "firstperson_righthand": {
        "rotation": [ 0, -90, 0 ],
        "translation": [ 3.4, 2.4, -3.8 ],
        "scale": [ 2, 2, 2 ]
    },
	"firstperson_lefthand": {
        "rotation": [ 0, 90, 0 ],
        "translation": [ 3.4, 2.4, -3.8 ],
        "scale": [ 2, 2, 2 ]
    },
    "gui": {
        "rotation": [ -30, 135, -45 ],
        "translation": [ -1.8, -1.9, 0.8 ],
        "scale": [ 0.9, 0.9, 0.9 ]
    }
}
}