{
"__comment": "Designed by Tegaminmaverick with BDcraft Cubik PRO 0.85 Beta - http://bdcraft.net",
"textures": {
    "texture": "items/sniper"
},
"elements": [ 
{
    "from": [ 7.5, 7, 6.5 ],
    "to": [ 8.5, 7.5, 9 ],
    "rotation": { "origin": [ 7.5, 7.5, 6.5 ], "axis": "x", "angle": 22.5 },
    "faces": {
        "down":  { "uv": [ 3, 2.5, 3.5, 3 ], "texture": "#texture" },
        "up":    { "uv": [ 3, 2.5, 3.5, 3 ], "texture": "#texture" },
        "north": { "uv": [ 3, 2.5, 3.5, 3 ], "texture": "#texture" },
        "south": { "uv": [ 3, 2.5, 3.5, 3 ], "texture": "#texture" },
        "west":  { "uv": [ 3, 2.5, 3.5, 3 ], "texture": "#texture" },
        "east":  { "uv": [ 3, 2.5, 3.5, 3 ], "texture": "#texture" }
    }
},
{
    "from": [ 7.5, 5.75, 13.5625 ],
    "to": [ 8.5, 7.75, 14 ],
    "rotation": { "origin": [ 7.5, 7.75, 13.5625 ], "axis": "x", "angle": -22.5 },
    "faces": {
        "down":  { "uv": [ 3, 2.5, 3.5, 3 ], "texture": "#texture" },
        "up":    { "uv": [ 3, 2.5, 3.5, 3 ], "texture": "#texture" },
        "north": { "uv": [ 3, 2.5, 3.5, 3 ], "texture": "#texture" },
        "south": { "uv": [ 3, 2.5, 3.5, 3 ], "texture": "#texture" },
        "west":  { "uv": [ 3, 2.5, 3.5, 3 ], "texture": "#texture" },
        "east":  { "uv": [ 3, 2.5, 3.5, 3 ], "texture": "#texture" }
    }
},
{
    "from": [ 8, 6, 13 ],
    "to": [ 9, 6.5, 13 ],
    "faces": {
        "north": { "uv": [ 6.5, 8.5, 7, 9 ], "texture": "#texture" },
        "south": { "uv": [ 6.5, 8.5, 7, 9 ], "texture": "#texture" }
    }
},
{
    "from": [ 7.5, 5.125, 12.625 ],
    "to": [ 8.5, 5.1875, 13.625 ],
    "faces": {
        "down":  { "uv": [ 7.5, 10.5, 8, 11 ], "texture": "#texture" },
        "up":    { "uv": [ 7.5, 10.5, 8, 11 ], "texture": "#texture" }
    }
},
{
    "from": [ 7.5, 5, 12 ],
    "to": [ 8.5, 6.5, 12 ],
    "rotation": { "origin": [ 7.5, 6.5, 12 ], "axis": "x", "angle": -22.5 },
    "faces": {
        "north": { "uv": [ 7.5, 10, 8, 10.5 ], "texture": "#texture" },
        "south": { "uv": [ 7.5, 10, 8, 10.5 ], "texture": "#texture" }
    }
},
{
    "from": [ 7.25, 7, 9 ],
    "to": [ 8.75, 7.5, 13.5 ],
    "faces": {
        "down":  { "uv": [ 6.5, 9, 7, 9.5 ], "texture": "#texture" },
        "up":    { "uv": [ 6.5, 9, 7, 9.5 ], "texture": "#texture" },
        "north": { "uv": [ 6.5, 9, 7, 9.5 ], "texture": "#texture" },
        "south": { "uv": [ 6.5, 9, 7, 9.5 ], "texture": "#texture" },
        "west":  { "uv": [ 6.5, 9, 7, 9.5 ], "texture": "#texture" },
        "east":  { "uv": [ 6.5, 9, 7, 9.5 ], "texture": "#texture" }
    }
},
{
    "from": [ 8, 3, 4.5 ],
    "to": [ 8.5, 6.5, 5 ],
    "rotation": { "origin": [ 8, 6.5, 4.5 ], "axis": "z", "angle": 22.5 },
    "faces": {
        "down":  { "uv": [ 8, 6, 8.5, 5.5 ], "texture": "#texture" },
        "up":    { "uv": [ 8, 5.5, 8.5, 6 ], "texture": "#texture" },
        "north": { "uv": [ 8, 5.5, 8.5, 6 ], "texture": "#texture" },
        "south": { "uv": [ 8, 5.5, 8.5, 6 ], "texture": "#texture" },
        "west":  { "uv": [ 8, 5.5, 8.5, 6 ], "texture": "#texture" },
        "east":  { "uv": [ 8, 5.5, 8.5, 6 ], "texture": "#texture" }
    }
},
{
    "from": [ 7.5, 3.1875, 4.5 ],
    "to": [ 8, 6.6875, 5 ],
    "rotation": { "origin": [ 7.5, 6.6875, 4.5 ], "axis": "z", "angle": -22.5 },
    "faces": {
        "down":  { "uv": [ 8, 6, 8.5, 5.5 ], "texture": "#texture" },
        "up":    { "uv": [ 8, 5.5, 8.5, 6 ], "texture": "#texture" },
        "north": { "uv": [ 8, 5.5, 8.5, 6 ], "texture": "#texture" },
        "south": { "uv": [ 8, 5.5, 8.5, 6 ], "texture": "#texture" },
        "west":  { "uv": [ 8, 5.5, 8.5, 6 ], "texture": "#texture" },
        "east":  { "uv": [ 8, 5.5, 8.5, 6 ], "texture": "#texture" }
    }
},
{
    "from": [ 7.75, 10.25, 11.5 ],
    "to": [ 8.25, 10.75, 12 ],
    "faces": {
        "down":  { "uv": [ 6.5, 9, 7, 9.5 ], "texture": "#texture" },
        "up":    { "uv": [ 6.5, 9, 7, 9.5 ], "texture": "#texture" },
        "north": { "uv": [ 6.5, 9, 7, 9.5 ], "texture": "#texture" },
        "south": { "uv": [ 6.5, 9, 7, 9.5 ], "texture": "#texture" },
        "west":  { "uv": [ 6.5, 9, 7, 9.5 ], "texture": "#texture" },
        "east":  { "uv": [ 6.5, 9, 7, 9.5 ], "texture": "#texture" }
    }
},
{
    "from": [ 7.25, 9.75, 11.5 ],
    "to": [ 8.75, 10.25, 12 ],
    "faces": {
        "down":  { "uv": [ 6.5, 9, 7, 9.5 ], "texture": "#texture" },
        "up":    { "uv": [ 6.5, 9, 7, 9.5 ], "texture": "#texture" },
        "north": { "uv": [ 6.5, 9, 7, 9.5 ], "texture": "#texture" },
        "south": { "uv": [ 6.5, 9, 7, 9.5 ], "texture": "#texture" },
        "west":  { "uv": [ 6.5, 9, 7, 9.5 ], "texture": "#texture" },
        "east":  { "uv": [ 6.5, 9, 7, 9.5 ], "texture": "#texture" }
    }
},
{
    "from": [ 7.25, 9.25, 8.5 ],
    "to": [ 8.75, 10.75, 11 ],
    "faces": {
        "down":  { "uv": [ 8.5, 6, 9, 5.5 ], "texture": "#texture" },
        "up":    { "uv": [ 8.5, 5.5, 9, 6 ], "texture": "#texture" },
        "north": { "uv": [ 8.5, 5.5, 9, 6 ], "texture": "#texture" },
        "south": { "uv": [ 8.5, 5.5, 9, 6 ], "texture": "#texture" },
        "west":  { "uv": [ 8.5, 5.5, 9, 6 ], "texture": "#texture" },
        "east":  { "uv": [ 8.5, 5.5, 9, 6 ], "texture": "#texture" }
    }
},
{
    "from": [ 7.5, 6.5, 3.5 ],
    "to": [ 8.5, 7, 5.5 ],
    "faces": {
        "down":  { "uv": [ 8, 6, 8.5, 5.5 ], "texture": "#texture" },
        "up":    { "uv": [ 8, 5.5, 8.5, 6 ], "texture": "#texture" },
        "north": { "uv": [ 8, 5.5, 8.5, 6 ], "texture": "#texture" },
        "south": { "uv": [ 8, 5.5, 8.5, 6 ], "texture": "#texture" },
        "west":  { "uv": [ 8, 5.5, 8.5, 6 ], "texture": "#texture" },
        "east":  { "uv": [ 8, 5.5, 8.5, 6 ], "texture": "#texture" }
    }
},
{
    "from": [ 7, 7, 3.5 ],
    "to": [ 9, 7.5, 5.5 ],
    "faces": {
        "down":  { "uv": [ 8, 6, 8.5, 5.5 ], "texture": "#texture" },
        "up":    { "uv": [ 8, 5.5, 8.5, 6 ], "texture": "#texture" },
        "north": { "uv": [ 8, 5.5, 8.5, 6 ], "texture": "#texture" },
        "south": { "uv": [ 8, 5.5, 8.5, 6 ], "texture": "#texture" },
        "west":  { "uv": [ 8, 5.5, 8.5, 6 ], "texture": "#texture" },
        "east":  { "uv": [ 8, 5.5, 8.5, 6 ], "texture": "#texture" }
    }
},
{
    "from": [ 7.75, 3.5, 19.5 ],
    "to": [ 8.25, 6, 20 ],
    "faces": {
        "down":  { "uv": [ 6.5, 8.5, 7, 9 ], "texture": "#texture" },
        "up":    { "uv": [ 6.5, 8.5, 7, 9 ], "texture": "#texture" },
        "north": { "uv": [ 6.5, 8.5, 7, 9 ], "texture": "#texture" },
        "south": { "uv": [ 6.5, 8.5, 7, 9 ], "texture": "#texture" },
        "west":  { "uv": [ 6.5, 8.5, 7, 9 ], "texture": "#texture" },
        "east":  { "uv": [ 6.5, 8.5, 7, 9 ], "texture": "#texture" }
    }
},
{
    "from": [ 7, 5.5, 20.5 ],
    "to": [ 9, 9, 21 ],
    "faces": {
        "down":  { "uv": [ 6.5, 9, 7, 9.5 ], "texture": "#texture" },
        "up":    { "uv": [ 6.5, 9, 7, 9.5 ], "texture": "#texture" },
        "north": { "uv": [ 6.5, 9, 7, 9.5 ], "texture": "#texture" },
        "south": { "uv": [ 6.5, 9, 7, 9.5 ], "texture": "#texture" },
        "west":  { "uv": [ 6.5, 9, 7, 9.5 ], "texture": "#texture" },
        "east":  { "uv": [ 6.5, 9, 7, 9.5 ], "texture": "#texture" }
    }
},
{
    "from": [ 7.5, 6, 19.5 ],
    "to": [ 8.5, 8, 20.5 ],
    "faces": {
        "down":  { "uv": [ 3, 2.5, 3.5, 3 ], "texture": "#texture" },
        "up":    { "uv": [ 3, 2.5, 3.5, 3 ], "texture": "#texture" },
        "north": { "uv": [ 3, 2.5, 3.5, 3 ], "texture": "#texture" },
        "south": { "uv": [ 3, 2.5, 3.5, 3 ], "texture": "#texture" },
        "west":  { "uv": [ 3, 2.5, 3.5, 3 ], "texture": "#texture" },
        "east":  { "uv": [ 3, 2.5, 3.5, 3 ], "texture": "#texture" }
    }
},
{
    "from": [ 7.5, 6.5, 18.5 ],
    "to": [ 8.5, 8.5, 20.5 ],
    "faces": {
        "down":  { "uv": [ 3, 2.5, 3.5, 3 ], "texture": "#texture" },
        "up":    { "uv": [ 3, 2.5, 3.5, 3 ], "texture": "#texture" },
        "north": { "uv": [ 3, 2.5, 3.5, 3 ], "texture": "#texture" },
        "south": { "uv": [ 3, 2.5, 3.5, 3 ], "texture": "#texture" },
        "west":  { "uv": [ 3, 2.5, 3.5, 3 ], "texture": "#texture" },
        "east":  { "uv": [ 3, 2.5, 3.5, 3 ], "texture": "#texture" }
    }
},
{
    "from": [ 7.5, 5.75, 19.3125 ],
    "to": [ 8.5, 8.25, 20.3125 ],
    "faces": {
        "down":  { "uv": [ 3, 2.5, 3.5, 3 ], "texture": "#texture" },
        "up":    { "uv": [ 3, 2.5, 3.5, 3 ], "texture": "#texture" },
        "north": { "uv": [ 3, 2.5, 3.5, 3 ], "texture": "#texture" },
        "south": { "uv": [ 3, 2.5, 3.5, 3 ], "texture": "#texture" },
        "west":  { "uv": [ 3, 2.5, 3.5, 3 ], "texture": "#texture" },
        "east":  { "uv": [ 3, 2.5, 3.5, 3 ], "texture": "#texture" }
    }
},
{
    "from": [ 7.5, 5, 17.5 ],
    "to": [ 8.5, 7.5, 18.5 ],
    "rotation": { "origin": [ 7.5, 7.5, 17.5 ], "axis": "x", "angle": -45 },
    "faces": {
        "down":  { "uv": [ 3, 2.5, 3.5, 3 ], "texture": "#texture" },
        "up":    { "uv": [ 3, 2.5, 3.5, 3 ], "texture": "#texture" },
        "north": { "uv": [ 3, 2.5, 3.5, 3 ], "texture": "#texture" },
        "south": { "uv": [ 3, 2.5, 3.5, 3 ], "texture": "#texture" },
        "west":  { "uv": [ 3, 2.5, 3.5, 3 ], "texture": "#texture" },
        "east":  { "uv": [ 3, 2.5, 3.5, 3 ], "texture": "#texture" }
    }
},
{
    "from": [ 7, 8, 15 ],
    "to": [ 9, 9, 20 ],
    "faces": {
        "down":  { "uv": [ 6.5, 9, 7, 9.5 ], "texture": "#texture" },
        "up":    { "uv": [ 6.5, 9, 7, 9.5 ], "texture": "#texture" },
        "north": { "uv": [ 6.5, 9, 7, 9.5 ], "texture": "#texture" },
        "south": { "uv": [ 6.5, 9, 7, 9.5 ], "texture": "#texture" },
        "west":  { "uv": [ 6.5, 9, 7, 9.5 ], "texture": "#texture" },
        "east":  { "uv": [ 6.5, 9, 7, 9.5 ], "texture": "#texture" }
    }
},
{
    "from": [ 7.5, 7.5, 14 ],
    "to": [ 8.5, 8.5, 19 ],
    "faces": {
        "down":  { "uv": [ 3, 2.5, 3.5, 3 ], "texture": "#texture" },
        "up":    { "uv": [ 3, 2.5, 3.5, 3 ], "texture": "#texture" },
        "north": { "uv": [ 3, 2.5, 3.5, 3 ], "texture": "#texture" },
        "south": { "uv": [ 3, 2.5, 3.5, 3 ], "texture": "#texture" },
        "west":  { "uv": [ 3, 2.5, 3.5, 3 ], "texture": "#texture" },
        "east":  { "uv": [ 3, 2.5, 3.5, 3 ], "texture": "#texture" }
    }
},
{
    "from": [ 7.25, 9.25, 13 ],
    "to": [ 8.75, 10.75, 13.5 ],
    "faces": {
        "down":  { "uv": [ 8.5, 6, 9, 5.5 ], "texture": "#texture" },
        "up":    { "uv": [ 8.5, 5.5, 9, 6 ], "texture": "#texture" },
        "north": { "uv": [ 8.5, 5.5, 9, 6 ], "texture": "#texture" },
        "south": { "uv": [ 8.5, 5.5, 9, 6 ], "texture": "#texture" },
        "west":  { "uv": [ 8.5, 5.5, 9, 6 ], "texture": "#texture" },
        "east":  { "uv": [ 8.5, 5.5, 9, 6 ], "texture": "#texture" }
    }
},
{
    "from": [ 7.25, 9.25, 6.5 ],
    "to": [ 8.75, 10.75, 7.5 ],
    "faces": {
        "down":  { "uv": [ 8.5, 6, 9, 5.5 ], "texture": "#texture" },
        "up":    { "uv": [ 8.5, 5.5, 9, 6 ], "texture": "#texture" },
        "north": { "uv": [ 8.5, 5.5, 9, 6 ], "texture": "#texture" },
        "south": { "uv": [ 8.5, 5.5, 9, 6 ], "texture": "#texture" },
        "west":  { "uv": [ 8.5, 5.5, 9, 6 ], "texture": "#texture" },
        "east":  { "uv": [ 8.5, 5.5, 9, 6 ], "texture": "#texture" }
    }
},
{
    "from": [ 7.5, 9.5, 7.5 ],
    "to": [ 8.5, 10.5, 13 ],
    "faces": {
        "down":  { "uv": [ 8.5, 6, 9, 5.5 ], "texture": "#texture" },
        "up":    { "uv": [ 8.5, 5.5, 9, 6 ], "texture": "#texture" },
        "north": { "uv": [ 8.5, 5.5, 9, 6 ], "texture": "#texture" },
        "south": { "uv": [ 8.5, 5.5, 9, 6 ], "texture": "#texture" },
        "west":  { "uv": [ 8.5, 5.5, 9, 6 ], "texture": "#texture" },
        "east":  { "uv": [ 8.5, 5.5, 9, 6 ], "texture": "#texture" }
    }
},
{
    "from": [ 7, 9, 8 ],
    "to": [ 9, 9.5, 8.5 ],
    "faces": {
        "down":  { "uv": [ 8, 6, 8.5, 5.5 ], "texture": "#texture" },
        "up":    { "uv": [ 8, 5.5, 8.5, 6 ], "texture": "#texture" },
        "north": { "uv": [ 8, 5.5, 8.5, 6 ], "texture": "#texture" },
        "south": { "uv": [ 8, 5.5, 8.5, 6 ], "texture": "#texture" },
        "west":  { "uv": [ 8, 5.5, 8.5, 6 ], "texture": "#texture" },
        "east":  { "uv": [ 8, 5.5, 8.5, 6 ], "texture": "#texture" }
    }
},
{
    "from": [ 7, 9, 12 ],
    "to": [ 9, 9.5, 12.5 ],
    "faces": {
        "down":  { "uv": [ 8, 6, 8.5, 5.5 ], "texture": "#texture" },
        "up":    { "uv": [ 8, 5.5, 8.5, 6 ], "texture": "#texture" },
        "north": { "uv": [ 8, 5.5, 8.5, 6 ], "texture": "#texture" },
        "south": { "uv": [ 8, 5.5, 8.5, 6 ], "texture": "#texture" },
        "west":  { "uv": [ 8, 5.5, 8.5, 6 ], "texture": "#texture" },
        "east":  { "uv": [ 8, 5.5, 8.5, 6 ], "texture": "#texture" }
    }
},
{
    "from": [ 7, 8.5, 12 ],
    "to": [ 7.5, 9.5, 12.5 ],
    "faces": {
        "down":  { "uv": [ 8, 6, 8.5, 5.5 ], "texture": "#texture" },
        "up":    { "uv": [ 8, 5.5, 8.5, 6 ], "texture": "#texture" },
        "north": { "uv": [ 8, 5.5, 8.5, 6 ], "texture": "#texture" },
        "south": { "uv": [ 8, 5.5, 8.5, 6 ], "texture": "#texture" },
        "west":  { "uv": [ 8, 5.5, 8.5, 6 ], "texture": "#texture" },
        "east":  { "uv": [ 8, 5.5, 8.5, 6 ], "texture": "#texture" }
    }
},
{
    "from": [ 8.5, 8.5, 12 ],
    "to": [ 9, 9.5, 12.5 ],
    "faces": {
        "down":  { "uv": [ 8, 6, 8.5, 5.5 ], "texture": "#texture" },
        "up":    { "uv": [ 8, 5.5, 8.5, 6 ], "texture": "#texture" },
        "north": { "uv": [ 8, 5.5, 8.5, 6 ], "texture": "#texture" },
        "south": { "uv": [ 8, 5.5, 8.5, 6 ], "texture": "#texture" },
        "west":  { "uv": [ 8, 5.5, 8.5, 6 ], "texture": "#texture" },
        "east":  { "uv": [ 8, 5.5, 8.5, 6 ], "texture": "#texture" }
    }
},
{
    "from": [ 8.5, 8.5, 8 ],
    "to": [ 9, 9.5, 8.5 ],
    "faces": {
        "down":  { "uv": [ 8, 6, 8.5, 5.5 ], "texture": "#texture" },
        "up":    { "uv": [ 8, 5.5, 8.5, 6 ], "texture": "#texture" },
        "north": { "uv": [ 8, 5.5, 8.5, 6 ], "texture": "#texture" },
        "south": { "uv": [ 8, 5.5, 8.5, 6 ], "texture": "#texture" },
        "west":  { "uv": [ 8, 5.5, 8.5, 6 ], "texture": "#texture" },
        "east":  { "uv": [ 8, 5.5, 8.5, 6 ], "texture": "#texture" }
    }
},
{
    "from": [ 7, 8.5, 8 ],
    "to": [ 7.5, 9.5, 8.5 ],
    "faces": {
        "down":  { "uv": [ 8, 6, 8.5, 5.5 ], "texture": "#texture" },
        "up":    { "uv": [ 8, 5.5, 8.5, 6 ], "texture": "#texture" },
        "north": { "uv": [ 8, 5.5, 8.5, 6 ], "texture": "#texture" },
        "south": { "uv": [ 8, 5.5, 8.5, 6 ], "texture": "#texture" },
        "west":  { "uv": [ 8, 5.5, 8.5, 6 ], "texture": "#texture" },
        "east":  { "uv": [ 8, 5.5, 8.5, 6 ], "texture": "#texture" }
    }
},
{
    "from": [ 7.5, 4.3125, 10 ],
    "to": [ 8.5, 6.3125, 12 ],
    "faces": {
        "down":  { "uv": [ 3.5, 2, 4, 2.5 ], "texture": "#texture" },
        "up":    { "uv": [ 3.5, 2, 4, 2.5 ], "texture": "#texture" },
        "north": { "uv": [ 3.5, 2, 4, 2.5 ], "texture": "#texture" },
        "south": { "uv": [ 3.5, 2, 4, 2.5 ], "texture": "#texture" },
        "west":  { "uv": [ 3.5, 2, 4, 2.5 ], "texture": "#texture" },
        "east":  { "uv": [ 3.5, 2, 4, 2.5 ], "texture": "#texture" }
    }
},
{
    "from": [ 7, 6.5, 13.5 ],
    "to": [ 9, 8.5, 14 ],
    "faces": {
        "down":  { "uv": [ 6.5, 9, 7, 9.5 ], "texture": "#texture" },
        "up":    { "uv": [ 6.5, 9, 7, 9.5 ], "texture": "#texture" },
        "north": { "uv": [ 6.5, 9, 7, 9.5 ], "texture": "#texture" },
        "south": { "uv": [ 6.5, 9, 7, 9.5 ], "texture": "#texture" },
        "west":  { "uv": [ 6.5, 9, 7, 9.5 ], "texture": "#texture" },
        "east":  { "uv": [ 6.5, 9, 7, 9.5 ], "texture": "#texture" }
    }
},
{
    "from": [ 7, 7.5, 8.5 ],
    "to": [ 9, 8.5, 13.5 ],
    "faces": {
        "down":  { "uv": [ 6.5, 9, 7, 9.5 ], "texture": "#texture" },
        "up":    { "uv": [ 6.5, 9, 7, 9.5 ], "texture": "#texture" },
        "north": { "uv": [ 6.5, 9, 7, 9.5 ], "texture": "#texture" },
        "south": { "uv": [ 6.5, 9, 7, 9.5 ], "texture": "#texture" },
        "west":  { "uv": [ 6.5, 9, 7, 9.5 ], "texture": "#texture" },
        "east":  { "uv": [ 6.5, 9, 7, 9.5 ], "texture": "#texture" }
    }
},
{
    "from": [ 7, 7, 1.5 ],
    "to": [ 9, 8.5, 2.5 ],
    "rotation": { "origin": [ 7, 8.5, 1.5 ], "axis": "x", "angle": -22.5 },
    "faces": {
        "down":  { "uv": [ 3, 2.5, 3.5, 3 ], "texture": "#texture" },
        "up":    { "uv": [ 3, 2.5, 3.5, 3 ], "texture": "#texture" },
        "north": { "uv": [ 3, 2.5, 3.5, 3 ], "texture": "#texture" },
        "south": { "uv": [ 3, 2.5, 3.5, 3 ], "texture": "#texture" },
        "west":  { "uv": [ 3, 2.5, 3.5, 3 ], "texture": "#texture" },
        "east":  { "uv": [ 3, 2.5, 3.5, 3 ], "texture": "#texture" }
    }
},
{
    "from": [ 7.5, 4, 13 ],
    "to": [ 8.5, 6.5, 14 ],
    "rotation": { "origin": [ 7.5, 6.5, 13 ], "axis": "x", "angle": -22.5 },
    "faces": {
        "down":  { "uv": [ 6.5, 8.5, 7, 9 ], "texture": "#texture" },
        "up":    { "uv": [ 6.5, 8.5, 7, 9 ], "texture": "#texture" },
        "north": { "uv": [ 6.5, 8.5, 7, 9 ], "texture": "#texture" },
        "south": { "uv": [ 6.5, 8.5, 7, 9 ], "texture": "#texture" },
        "west":  { "uv": [ 6.5, 8.5, 7, 9 ], "texture": "#texture" },
        "east":  { "uv": [ 6.5, 8.5, 7, 9 ], "texture": "#texture" }
    }
},
{
    "from": [ 7, 7.5, 2 ],
    "to": [ 9, 8.5, 8.5 ],
    "faces": {
        "down":  { "uv": [ 3, 2.5, 3.5, 3 ], "texture": "#texture" },
        "up":    { "uv": [ 3, 2.5, 3.5, 3 ], "texture": "#texture" },
        "north": { "uv": [ 3, 2.5, 3.5, 3 ], "texture": "#texture" },
        "south": { "uv": [ 3, 2.5, 3.5, 3 ], "texture": "#texture" },
        "west":  { "uv": [ 3, 2.5, 3.5, 3 ], "texture": "#texture" },
        "east":  { "uv": [ 3, 2.5, 3.5, 3 ], "texture": "#texture" }
    }
},
{
    "from": [ 7.5, 6.3125, 11 ],
    "to": [ 8.5, 9, 13.625 ],
    "faces": {
        "down":  { "uv": [ 6.5, 8.5, 7, 9 ], "texture": "#texture" },
        "up":    { "uv": [ 6.5, 8.5, 7, 9 ], "texture": "#texture" },
        "north": { "uv": [ 6.5, 8.5, 7, 9 ], "texture": "#texture" },
        "south": { "uv": [ 6.5, 8.5, 7, 9 ], "texture": "#texture" },
        "west":  { "uv": [ 6.5, 8.5, 7, 9 ], "texture": "#texture" },
        "east":  { "uv": [ 6.5, 8.5, 7, 9 ], "texture": "#texture" }
    }
},
{
    "from": [ 7.5, 7, 8 ],
    "to": [ 8.5, 9, 12 ],
    "faces": {
        "down":  { "uv": [ 6.5, 8.5, 7, 9 ], "texture": "#texture" },
        "up":    { "uv": [ 6.5, 8.5, 7, 9 ], "texture": "#texture" },
        "north": { "uv": [ 6.5, 8.5, 7, 9 ], "texture": "#texture" },
        "south": { "uv": [ 6.5, 8.5, 7, 9 ], "texture": "#texture" },
        "west":  { "uv": [ 6.5, 8.5, 7, 9 ], "texture": "#texture" },
        "east":  { "uv": [ 6.5, 8.5, 7, 9 ], "texture": "#texture" }
    }
},
{
    "from": [ 7.5, 6.3125, 9.8125 ],
    "to": [ 8.5, 8.8125, 11.8125 ],
    "faces": {
        "down":  { "uv": [ 6.5, 8.5, 7, 9 ], "texture": "#texture" },
        "up":    { "uv": [ 6.5, 8.5, 7, 9 ], "texture": "#texture" },
        "north": { "uv": [ 6.5, 8.5, 7, 9 ], "texture": "#texture" },
        "south": { "uv": [ 6.5, 8.5, 7, 9 ], "texture": "#texture" },
        "west":  { "uv": [ 6.5, 8.5, 7, 9 ], "texture": "#texture" },
        "east":  { "uv": [ 6.5, 8.5, 7, 9 ], "texture": "#texture" }
    }
},
{
    "from": [ 7.5, 7, 8.5625 ],
    "to": [ 8.5, 8.4375, 10.5625 ],
    "rotation": { "origin": [ 7.5, 8.4375, 8.5625 ], "axis": "x", "angle": 22.5 },
    "faces": {
        "down":  { "uv": [ 6.5, 8.5, 7, 9 ], "texture": "#texture" },
        "up":    { "uv": [ 6.5, 8.5, 7, 9 ], "texture": "#texture" },
        "north": { "uv": [ 6.5, 8.5, 7, 9 ], "texture": "#texture" },
        "south": { "uv": [ 6.5, 8.5, 7, 9 ], "texture": "#texture" },
        "west":  { "uv": [ 6.5, 8.5, 7, 9 ], "texture": "#texture" },
        "east":  { "uv": [ 6.5, 8.5, 7, 9 ], "texture": "#texture" }
    }
},
{
    "from": [ 7.5, 7, 2 ],
    "to": [ 8.5, 9, 8 ],
    "faces": {
        "down":  { "uv": [ 3, 2.5, 3.5, 3 ], "texture": "#texture" },
        "up":    { "uv": [ 3, 2.5, 3.5, 3 ], "texture": "#texture" },
        "north": { "uv": [ 3, 2.5, 3.5, 3 ], "texture": "#texture" },
        "south": { "uv": [ 3, 2.5, 3.5, 3 ], "texture": "#texture" },
        "west":  { "uv": [ 3, 2.5, 3.5, 3 ], "texture": "#texture" },
        "east":  { "uv": [ 3, 2.5, 3.5, 3 ], "texture": "#texture" }
    }
},
{
    "from": [ 7.5, 7.5, -3 ],
    "to": [ 8.5, 8.5, 2 ],
    "faces": {
        "down":  { "uv": [ 7.5, 4, 8, 4.5 ], "texture": "#texture" },
        "up":    { "uv": [ 7.5, 4, 8, 4.5 ], "texture": "#texture" },
        "north": { "uv": [ 7.5, 4, 8, 4.5 ], "texture": "#texture" },
        "south": { "uv": [ 7.5, 4, 8, 4.5 ], "texture": "#texture" },
        "west":  { "uv": [ 7.5, 4, 8, 4.5 ], "texture": "#texture" },
        "east":  { "uv": [ 7.5, 4, 8, 4.5 ], "texture": "#texture" }
    }
}
],
"display": {
        "thirdperson": {
            "rotation": [ 90, -180, 0 ],
            "translation": [ 0, 4.8, -2.4 ],
            "scale": [ 1.2, 1.2, 1.2 ]
        },
        "ground": {
            "rotation": [ 0, 0, 0 ],
            "translation": [ 0, 0, 0 ],
            "scale": [ 1, 1, 1.5 ]
        },
        "fixed": {
            "rotation": [ 0, 91, 0 ],
            "translation": [ 2.4, 1.1, -1.2 ],
            "scale": [ 4, 4, 4 ]
        },
        "firstperson": {
            "rotation": [ 0, -50, 0 ],
            "translation": [ -11, 7.5, -0.4 ],
            "scale": [ 1.2, 1.2, 1.2 ]
        },
        "gui": {
            "rotation": [ 0, 90, 0 ],
            "translation": [ 0, 0, 0 ],
            "scale": [ 1.5, 1.5, 1.5 ]
        },
        "head": {
            "rotation": [ -32, 0, 0 ],
            "translation": [ 0, 10, -2 ],
            "scale": [ 1.2, 1.2, 1.2 ]
        }
    }
}