{
  "parent": "item/handheld",
  "textures": {
    "layer0": "items/diamond_hoe"
  },
  "overrides": [
    {"predicate": {"damaged": 0, "damage": 0}, "model": "item/diamond_hoe"},
		{ "predicate": {"damaged": 0, "damage": 0.3841229193341869}, "model": "item/diamond_hoe"},
		{ "predicate": {"damaged": 0, "damage": 0.3847631241997439}, "model": "item/pistol"},
		{ "predicate": {"damaged": 0, "damage": 0.3854033290653009}, "model": "item/sniperrifle"},
		{ "predicate": {"damaged": 0, "damage": 0.3860435339308579}, "model": "item/battlerifle"},
		{ "predicate": {"damaged": 0, "damage": 0.3866837387964149}, "model": "item/lightmachinegun"},
		{ "predicate": {"damaged": 0, "damage": 0.3873239436619718}, "model": "item/crossbow"},
		{ "predicate": {"damaged": 0, "damage": 0.3879641485275288}, "model": "item/hammerofdawn"},
		{ "predicate": {"damaged": 0, "damage": 0.3886043533930858}, "model": "item/rocketlauncher"},
		{ "predicate": {"damaged": 0, "damage": 0.3892445582586428}, "model": "item/shotgun"},
		{ "predicate": {"damaged": 0, "damage": 0.3898847631241997}, "model": "item/assaultrifle"},
		{ "predicate": {"damaged": 0, "damage": 0.3905249679897567}, "model": "item/heavymachinegun"},
		{ "predicate": {"damaged": 0, "damage": 0.3911651728553137}, "model": "item/diamond_hoe"},
    {"predicate": {"damaged": 1, "damage": 0}, "model": "item/diamond_hoe"}
  ]
}