{
"__comment": "Designed by Corporalblober with BDcraft Cubik PRO 0.95 Beta - http://bdcraft.net",
"textures": {
    "particle": "blocks/anvil 1",
    "texture": "blocks/coal block",
    "blade": "blocks/door iron lower",
    "dark wood blade": "blocks/anvil 1"
},
"elements": [ 
{
    "from": [ 2, 10.25, 7.25 ],
    "to": [ 12.5, 11.25, 8 ],
    "faces": {
        "down":  { "uv": [ 14, 8, 3.5, 7.25 ], "texture": "#texture" },
        "up":    { "uv": [ 2, 7.25, 12.5, 8 ], "texture": "#texture" },
        "north": { "uv": [ 3.5, 4.75, 14, 5.75 ], "texture": "#texture" },
        "south": { "uv": [ 2, 4.75, 12.5, 5.75 ], "texture": "#texture" },
        "west":  { "uv": [ 7.25, 4.75, 8, 5.75 ], "texture": "#texture" },
        "east":  { "uv": [ 8, 4.75, 8.75, 5.75 ], "texture": "#texture" }
    }
},
{
    "from": [ 3.5, 10, 7.25 ],
    "to": [ 12.75, 10.25, 9.25 ],
    "faces": {
        "down":  { "uv": [ 12.5, 9.25, 3.25, 7.25 ], "texture": "#texture" },
        "up":    { "uv": [ 3.5, 7.25, 12.75, 9.25 ], "texture": "#texture" },
        "north": { "uv": [ 3.25, 5.75, 12.5, 6 ], "texture": "#texture" },
        "south": { "uv": [ 3.5, 5.75, 12.75, 6 ], "texture": "#texture" },
        "west":  { "uv": [ 7.25, 5.75, 9.25, 6 ], "texture": "#texture" },
        "east":  { "uv": [ 6.75, 5.75, 8.75, 6 ], "texture": "#texture" }
    }
},
{
    "from": [ 2, 9.5, 7.75 ],
    "to": [ 11.5, 10.5, 8.75 ],
    "faces": {
        "down":  { "uv": [ 14, 8.75, 4.5, 7.75 ], "texture": "#texture" },
        "up":    { "uv": [ 2, 7.75, 11.5, 8.75 ], "texture": "#texture" },
        "north": { "uv": [ 4.5, 5.5, 14, 6.5 ], "texture": "#texture" },
        "south": { "uv": [ 2, 5.5, 11.5, 6.5 ], "texture": "#texture" },
        "west":  { "uv": [ 7.75, 5.5, 8.75, 6.5 ], "texture": "#texture" },
        "east":  { "uv": [ 7.25, 5.5, 8.25, 6.5 ], "texture": "#texture" }
    }
},
{
    "from": [ 3.75, 9.25, 7.5 ],
    "to": [ 12.5, 10, 9 ],
    "faces": {
        "down":  { "uv": [ 12.25, 9, 3.5, 7.5 ], "texture": "#texture" },
        "north": { "uv": [ 3.5, 6, 12.25, 6.75 ], "texture": "#texture" },
        "south": { "uv": [ 3.75, 6, 12.5, 6.75 ], "texture": "#texture" },
        "west":  { "uv": [ 7.5, 6, 9, 6.75 ], "texture": "#texture" },
        "east":  { "uv": [ 7, 6, 8.5, 6.75 ], "texture": "#texture" }
    }
},
{
    "from": [ 2, 11.5, 7.5 ],
    "to": [ 7, 11.75, 9 ],
    "faces": {
        "up":    { "uv": [ 2, 7.5, 7, 9 ], "texture": "#texture" },
        "north": { "uv": [ 9, 4.25, 14, 4.5 ], "texture": "#texture" },
        "south": { "uv": [ 2, 4.25, 7, 4.5 ], "texture": "#texture" },
        "west":  { "uv": [ 7.5, 4.25, 9, 4.5 ], "texture": "#texture" },
        "east":  { "uv": [ 7, 4.25, 8.5, 4.5 ], "texture": "#texture" }
    }
},
{
    "from": [ 9, 11.5, 7.5 ],
    "to": [ 12.5, 11.75, 9 ],
    "faces": {
        "up":    { "uv": [ 9, 7.5, 12.5, 9 ], "texture": "#texture" },
        "north": { "uv": [ 3.5, 4.25, 7, 4.5 ], "texture": "#texture" },
        "south": { "uv": [ 9, 4.25, 12.5, 4.5 ], "texture": "#texture" },
        "west":  { "uv": [ 7.5, 4.25, 9, 4.5 ], "texture": "#texture" },
        "east":  { "uv": [ 7, 4.25, 8.5, 4.5 ], "texture": "#texture" }
    }
},
{
    "from": [ 2.25, 11.75, 8 ],
    "to": [ 3, 12, 8.5 ],
    "faces": {
        "up":    { "uv": [ 2.25, 8, 3, 8.5 ], "texture": "#texture" },
        "north": { "uv": [ 13, 4, 13.75, 4.25 ], "texture": "#texture" },
        "south": { "uv": [ 2.25, 4, 3, 4.25 ], "texture": "#texture" },
        "west":  { "uv": [ 8, 4, 8.5, 4.25 ], "texture": "#texture" },
        "east":  { "uv": [ 7.5, 4, 8, 4.25 ], "texture": "#texture" }
    }
},
{
    "from": [ 9, 10.25, 7.5 ],
    "to": [ 12.5, 11.5, 9 ],
    "faces": {
        "north": { "uv": [ 3.5, 4.5, 7, 5.75 ], "texture": "#texture" },
        "south": { "uv": [ 9, 4.5, 12.5, 5.75 ], "texture": "#texture" },
        "west":  { "uv": [ 7.5, 4.5, 9, 5.75 ], "texture": "#texture" },
        "east":  { "uv": [ 7, 4.5, 8.5, 5.75 ], "texture": "#texture" }
    }
},
{
    "from": [ 2, 11.25, 7.5 ],
    "to": [ 7, 11.5, 9 ],
    "faces": {
        "down":  { "uv": [ 14, 9, 9, 7.5 ], "texture": "#texture" },
        "north": { "uv": [ 9, 4.5, 14, 4.75 ], "texture": "#texture" },
        "south": { "uv": [ 2, 4.5, 7, 4.75 ], "texture": "#texture" },
        "west":  { "uv": [ 7.5, 4.5, 9, 4.75 ], "texture": "#texture" },
        "east":  { "uv": [ 7, 4.5, 8.5, 4.75 ], "texture": "#texture" }
    }
},
{
    "from": [ 7, 11.25, 7.5 ],
    "to": [ 9, 11.5, 7.75 ],
    "faces": {
        "up":    { "uv": [ 7, 7.5, 9, 7.75 ], "texture": "#texture" },
        "north": { "uv": [ 7, 4.5, 9, 4.75 ], "texture": "#texture" }
    }
},
{
    "from": [ 7, 11.25, 8.75 ],
    "to": [ 9, 11.5, 9 ],
    "faces": {
        "up":    { "uv": [ 7, 8.75, 9, 9 ], "texture": "#texture" },
        "south": { "uv": [ 7, 4.5, 9, 4.75 ], "texture": "#texture" }
    }
},
{
    "from": [ 7, 11.25, 7.75 ],
    "to": [ 9, 11.75, 8.75 ],
    "faces": {
        "down":  { "uv": [ 9, 8.75, 7, 7.75 ], "texture": "#blade" },
        "up":    { "uv": [ 7, 7.75, 9, 8.75 ], "texture": "#blade" },
        "north": { "uv": [ 7, 4.25, 9, 4.75 ], "texture": "#blade" },
        "south": { "uv": [ 7, 4.25, 9, 4.75 ], "texture": "#blade" },
        "west":  { "uv": [ 7.75, 4.25, 8.75, 4.75 ], "texture": "#blade" },
        "east":  { "uv": [ 7.25, 4.25, 8.25, 4.75 ], "texture": "#blade" }
    }
},
{
    "from": [ 1.75, 10.5, 7.75 ],
    "to": [ 2, 11.5, 8 ],
    "faces": {
        "down":  { "uv": [ 14.25, 8, 14, 7.75 ], "texture": "#texture" },
        "up":    { "uv": [ 1.75, 7.75, 2, 8 ], "texture": "#texture" },
        "north": { "uv": [ 14, 4.5, 14.25, 5.5 ], "texture": "#texture" },
        "south": { "uv": [ 1.75, 4.5, 2, 5.5 ], "texture": "#texture" },
        "west":  { "uv": [ 7.75, 4.5, 8, 5.5 ], "texture": "#texture" },
        "east":  { "uv": [ 8, 4.5, 8.25, 5.5 ], "texture": "#texture" }
    }
},
{
    "from": [ 1.75, 10.5, 8.5 ],
    "to": [ 2, 11.5, 8.75 ],
    "faces": {
        "down":  { "uv": [ 14.25, 8.75, 14, 8.5 ], "texture": "#texture" },
        "up":    { "uv": [ 1.75, 8.5, 2, 8.75 ], "texture": "#texture" },
        "north": { "uv": [ 14, 4.5, 14.25, 5.5 ], "texture": "#texture" },
        "south": { "uv": [ 1.75, 4.5, 2, 5.5 ], "texture": "#texture" },
        "west":  { "uv": [ 8.5, 4.5, 8.75, 5.5 ], "texture": "#texture" },
        "east":  { "uv": [ 7.25, 4.5, 7.5, 5.5 ], "texture": "#texture" }
    }
},
{
    "from": [ 7.5, 8.75, 7.75 ],
    "to": [ 13.5, 9, 8.75 ],
    "faces": {
        "down":  { "uv": [ 8.5, 8.75, 2.5, 7.75 ], "texture": "#texture" },
        "up":    { "uv": [ 7.5, 7.75, 13.5, 8.75 ], "texture": "#texture" },
        "north": { "uv": [ 2.5, 7, 8.5, 7.25 ], "texture": "#texture" },
        "south": { "uv": [ 7.5, 7, 13.5, 7.25 ], "texture": "#texture" },
        "west":  { "uv": [ 7.75, 7, 8.75, 7.25 ], "texture": "#texture" },
        "east":  { "uv": [ 7.25, 7, 8.25, 7.25 ], "texture": "#texture" }
    }
},
{
    "from": [ 1.75, 10.5, 8 ],
    "to": [ 2, 10.75, 8.5 ],
    "faces": {
        "down":  { "uv": [ 14.25, 8.5, 14, 8 ], "texture": "#texture" },
        "up":    { "uv": [ 1.75, 8, 2, 8.5 ], "texture": "#texture" },
        "west":  { "uv": [ 8, 5.25, 8.5, 5.5 ], "texture": "#texture" },
        "east":  { "uv": [ 7.5, 5.25, 8, 5.5 ], "texture": "#texture" }
    }
},
{
    "from": [ 2, 10.25, 8.5 ],
    "to": [ 12.5, 11.25, 9.25 ],
    "faces": {
        "down":  { "uv": [ 14, 9.25, 3.5, 8.5 ], "texture": "#texture" },
        "up":    { "uv": [ 2, 8.5, 12.5, 9.25 ], "texture": "#texture" },
        "north": { "uv": [ 3.5, 4.75, 14, 5.75 ], "texture": "#texture" },
        "south": { "uv": [ 2, 4.75, 12.5, 5.75 ], "texture": "#texture" },
        "west":  { "uv": [ 8.5, 4.75, 9.25, 5.75 ], "texture": "#texture" },
        "east":  { "uv": [ 6.75, 4.75, 7.5, 5.75 ], "texture": "#texture" }
    }
},
{
    "from": [ 1.75, 11.25, 8 ],
    "to": [ 2, 11.5, 8.5 ],
    "faces": {
        "down":  { "uv": [ 14.25, 8.5, 14, 8 ], "texture": "#texture" },
        "up":    { "uv": [ 1.75, 8, 2, 8.5 ], "texture": "#texture" },
        "west":  { "uv": [ 8, 4.5, 8.5, 4.75 ], "texture": "#texture" }
    }
},
{
    "from": [ 8, 7.5, 8 ],
    "to": [ 8.25, 8.75, 8.5 ],
    "faces": {
        "down":  { "uv": [ 8, 8.5, 7.75, 8 ], "texture": "#texture" },
        "north": { "uv": [ 7.75, 7.25, 8, 8.5 ], "texture": "#texture" },
        "south": { "uv": [ 8, 7.25, 8.25, 8.5 ], "texture": "#texture" },
        "west":  { "uv": [ 8, 7.25, 8.5, 8.5 ], "texture": "#texture" },
        "east":  { "uv": [ 7.5, 7.25, 8, 8.5 ], "texture": "#texture" }
    }
},
{
    "from": [ 8.25, 7.25, 8 ],
    "to": [ 10.25, 7.5, 8.5 ],
    "faces": {
        "down":  { "uv": [ 7.75, 8.5, 5.75, 8 ], "texture": "#texture" },
        "up":    { "uv": [ 8.25, 8, 10.25, 8.5 ], "texture": "#texture" },
        "north": { "uv": [ 5.75, 8.5, 7.75, 8.75 ], "texture": "#texture" },
        "south": { "uv": [ 8.25, 8.5, 10.25, 8.75 ], "texture": "#texture" },
        "west":  { "uv": [ 8, 8.5, 8.5, 8.75 ], "texture": "#texture" }
    }
},
{
    "from": [ 8.25, 7.5, 8 ],
    "to": [ 8.5, 7.75, 8.5 ],
    "faces": {
        "up":    { "uv": [ 8.25, 8, 8.5, 8.5 ], "texture": "#texture" },
        "north": { "uv": [ 7.5, 8.25, 7.75, 8.5 ], "texture": "#texture" },
        "south": { "uv": [ 8.25, 8.25, 8.5, 8.5 ], "texture": "#texture" },
        "east":  { "uv": [ 7.5, 8.25, 8, 8.5 ], "texture": "#texture" }
    }
},
{
    "from": [ 7, 9, 7.5 ],
    "to": [ 12.5, 9.25, 9 ],
    "faces": {
        "down":  { "uv": [ 9, 9, 3.5, 7.5 ], "texture": "#texture" },
        "north": { "uv": [ 3.5, 6.75, 9, 7 ], "texture": "#texture" },
        "south": { "uv": [ 7, 6.75, 12.5, 7 ], "texture": "#texture" },
        "west":  { "uv": [ 7.5, 6.75, 9, 7 ], "texture": "#texture" },
        "east":  { "uv": [ 7, 6.75, 8.5, 7 ], "texture": "#texture" }
    }
},
{
    "from": [ 10.5, 8.5, 7.75 ],
    "to": [ 13.25, 8.75, 8.75 ],
    "faces": {
        "down":  { "uv": [ 5.5, 8.75, 2.75, 7.75 ], "texture": "#texture" },
        "north": { "uv": [ 2.75, 7.25, 5.5, 7.5 ], "texture": "#texture" },
        "south": { "uv": [ 10.5, 7.25, 13.25, 7.5 ], "texture": "#texture" },
        "east":  { "uv": [ 7.25, 7.25, 8.25, 7.5 ], "texture": "#texture" }
    }
},
{
    "from": [ 10.25, 6.75, 7.75 ],
    "to": [ 10.5, 8.75, 8.75 ],
    "faces": {
        "down":  { "uv": [ 5.75, 8.75, 5.5, 7.75 ], "texture": "#texture" },
        "north": { "uv": [ 5.5, 7.25, 5.75, 9.25 ], "texture": "#texture" },
        "south": { "uv": [ 10.25, 7.25, 10.5, 9.25 ], "texture": "#texture" },
        "west":  { "uv": [ 7.75, 7.25, 8.75, 9.25 ], "texture": "#texture" },
        "east":  { "uv": [ 7.25, 7.25, 8.25, 9.25 ], "texture": "#texture" }
    }
},
{
    "from": [ 10.5, 6.75, 7.75 ],
    "to": [ 13, 7.5, 8.75 ],
    "faces": {
        "north": { "uv": [ 3, 8.5, 5.5, 9.25 ], "texture": "#texture" },
        "south": { "uv": [ 10.5, 8.5, 13, 9.25 ], "texture": "#texture" },
        "east":  { "uv": [ 7.25, 8.5, 8.25, 9.25 ], "texture": "#texture" }
    }
},
{
    "from": [ 10.5, 6.25, 7.75 ],
    "to": [ 13.25, 6.75, 8.75 ],
    "faces": {
        "down":  { "uv": [ 5.5, 8.75, 2.75, 7.75 ], "texture": "#texture" },
        "up":    { "uv": [ 10.5, 7.75, 13.25, 8.75 ], "texture": "#texture" },
        "north": { "uv": [ 2.75, 9.25, 5.5, 9.75 ], "texture": "#texture" },
        "south": { "uv": [ 10.5, 9.25, 13.25, 9.75 ], "texture": "#texture" },
        "west":  { "uv": [ 7.75, 9.25, 8.75, 9.75 ], "texture": "#texture" },
        "east":  { "uv": [ 7.25, 9.25, 8.25, 9.75 ], "texture": "#texture" }
    }
},
{
    "from": [ 12.75, 10, 8 ],
    "to": [ 13.75, 10.5, 8.5 ],
    "rotation": { "origin": [ 12.75, 10.5, 8 ], "axis": "z", "angle": 22.5 },
    "faces": {
        "down":  { "uv": [ 1.75, 8.75, 0.5, 7.75 ], "texture": "#texture" },
        "up":    { "uv": [ 14.25, 7.75, 15.5, 8.75 ], "texture": "#texture" },
        "north": { "uv": [ 0.5, 10.75, 1.75, 11.25 ], "texture": "#texture" },
        "south": { "uv": [ 14.25, 10.75, 15.5, 11.25 ], "texture": "#texture" },
        "east":  { "uv": [ 7.25, 10.75, 8.25, 11.25 ], "texture": "#texture" }
    }
},
{
    "from": [ 12.6875, 9.1875, 7.75 ],
    "to": [ 12.9375, 10.6875, 8.75 ],
    "faces": {
        "down":  { "uv": [ 4.75, 8.75, 2.25, 7.75 ], "texture": "#texture" },
        "up":    { "uv": [ 11.25, 7.75, 13.75, 8.75 ], "texture": "#texture" },
        "north": { "uv": [ 2.25, 11.75, 4.75, 12.5 ], "texture": "#texture" },
        "south": { "uv": [ 11.25, 11.75, 13.75, 12.5 ], "texture": "#texture" },
        "west":  { "uv": [ 7.75, 11.75, 8.75, 12.5 ], "texture": "#texture" },
        "east":  { "uv": [ 7.25, 11.75, 8.25, 12.5 ], "texture": "#texture" }
    }
},
{
    "from": [ 12.5, 9.25, 7.75 ],
    "to": [ 12.75, 11.25, 8.75 ],
    "faces": {
        "up":    { "uv": [ 12.5, 7.75, 12.75, 8.75 ], "texture": "#texture" },
        "north": { "uv": [ 3.25, 4.75, 3.5, 6.75 ], "texture": "#texture" },
        "south": { "uv": [ 12.5, 4.75, 12.75, 6.75 ], "texture": "#texture" },
        "west":  { "uv": [ 7.75, 4.75, 8.75, 6.75 ], "texture": "#texture" },
        "east":  { "uv": [ 7.25, 4.75, 8.25, 6.75 ], "texture": "#texture" }
    }
},
{
    "from": [ 10.5, 8.25, 7.75 ],
    "to": [ 13, 8.5, 8.75 ],
    "faces": {
        "north": { "uv": [ 3, 7.5, 5.5, 7.75 ], "texture": "#texture" },
        "south": { "uv": [ 10.5, 7.5, 13, 7.75 ], "texture": "#texture" },
        "east":  { "uv": [ 7.25, 7.5, 8.25, 7.75 ], "texture": "#texture" }
    }
},
{
    "from": [ 10.5, 7.5, 7.75 ],
    "to": [ 13, 8.25, 8.75 ],
    "faces": {
        "north": { "uv": [ 3, 7.75, 5.5, 8.5 ], "texture": "#texture" },
        "south": { "uv": [ 10.5, 7.75, 13, 8.5 ], "texture": "#texture" },
        "east":  { "uv": [ 7.25, 7.75, 8.25, 8.5 ], "texture": "#texture" }
    }
},
{
    "from": [ 10.75, 6.5, 7.5 ],
    "to": [ 12.75, 9, 9 ],
    "faces": {
        "down":  { "uv": [ 8.5, 8.75, 6.5, 7.75 ], "texture": "#dark wood blade" },
        "up":    { "uv": [ 7.5, 7.75, 9.5, 8.75 ], "texture": "#dark wood blade" },
        "north": { "uv": [ 6.5, 0, 8.5, 4 ], "texture": "#dark wood blade" },
        "south": { "uv": [ 7.5, 0, 9.5, 4 ], "texture": "#dark wood blade" },
        "west":  { "uv": [ 7.75, 0, 8.75, 4 ], "texture": "#dark wood blade" },
        "east":  { "uv": [ 7.25, 0, 8.25, 4 ], "texture": "#dark wood blade" }
    }
},
{
    "from": [ 11.25, 4.25, 7.5 ],
    "to": [ 13, 6.5, 9 ],
    "faces": {
        "down":  { "uv": [ 4.75, 9, 3, 7.5 ], "texture": "#dark wood blade" },
        "up":    { "uv": [ 11.25, 7.5, 13, 9 ], "texture": "#dark wood blade" },
        "north": { "uv": [ 3, 9.5, 4.75, 11.75 ], "texture": "#dark wood blade" },
        "south": { "uv": [ 11.25, 9.5, 13, 11.75 ], "texture": "#dark wood blade" },
        "west":  { "uv": [ 7.5, 9.5, 9, 11.75 ], "texture": "#dark wood blade" },
        "east":  { "uv": [ 7, 9.5, 8.5, 11.75 ], "texture": "#dark wood blade" }
    }
},
{
    "from": [ 10, 7.5, 8 ],
    "to": [ 11, 9, 8.5 ],
    "rotation": { "origin": [ 10, 9, 8 ], "axis": "z", "angle": -22.5 },
    "faces": {
        "down":  { "uv": [ 8.25, 8.75, 7.75, 7.75 ], "texture": "#texture" },
        "north": { "uv": [ 7.75, 1.25, 8.25, 2.75 ], "texture": "#texture" },
        "south": { "uv": [ 7.75, 1.25, 8.25, 2.75 ], "texture": "#texture" },
        "west":  { "uv": [ 7.75, 1.25, 8.75, 2.75 ], "texture": "#texture" },
        "east":  { "uv": [ 7.25, 1.25, 8.25, 2.75 ], "texture": "#texture" }
    }
},
{
    "from": [ 10.75, 4, 7.75 ],
    "to": [ 13.25, 6.25, 8.75 ],
    "faces": {
        "down":  { "uv": [ 5.25, 8.75, 2.75, 7.75 ], "texture": "#texture" },
        "north": { "uv": [ 2.75, 9.75, 5.25, 12 ], "texture": "#texture" },
        "south": { "uv": [ 10.75, 9.75, 13.25, 12 ], "texture": "#texture" },
        "west":  { "uv": [ 7.75, 9.75, 8.75, 12 ], "texture": "#texture" },
        "east":  { "uv": [ 7.25, 9.75, 8.25, 12 ], "texture": "#texture" }
    }
},
{
    "from": [ 11.25, 11.75, 7.75 ],
    "to": [ 12.25, 12, 8 ],
    "faces": {
        "up":    { "uv": [ 11.25, 7.75, 12.25, 8 ], "texture": "#texture" },
        "north": { "uv": [ 3.75, 4, 4.75, 4.25 ], "texture": "#texture" },
        "south": { "uv": [ 11.25, 4, 12.25, 4.25 ], "texture": "#texture" },
        "west":  { "uv": [ 7.75, 4, 8, 4.25 ], "texture": "#texture" },
        "east":  { "uv": [ 8, 4, 8.25, 4.25 ], "texture": "#texture" }
    }
},
{
    "from": [ 11.25, 11.75, 8.5 ],
    "to": [ 12.25, 12, 8.75 ],
    "faces": {
        "up":    { "uv": [ 11.25, 8.5, 12.25, 8.75 ], "texture": "#texture" },
        "north": { "uv": [ 3.75, 4, 4.75, 4.25 ], "texture": "#texture" },
        "south": { "uv": [ 11.25, 4, 12.25, 4.25 ], "texture": "#texture" },
        "west":  { "uv": [ 8.5, 4, 8.75, 4.25 ], "texture": "#texture" },
        "east":  { "uv": [ 7.25, 4, 7.5, 4.25 ], "texture": "#texture" }
    }
},
{
    "from": [ 12.5, 9, 7.75 ],
    "to": [ 14, 9.25, 8.75 ],
    "faces": {
        "down":  { "uv": [ 3.5, 8.75, 2, 7.75 ], "texture": "#texture" },
        "up":    { "uv": [ 12.5, 7.75, 14, 8.75 ], "texture": "#texture" },
        "north": { "uv": [ 2, 6.75, 3.5, 7 ], "texture": "#texture" },
        "south": { "uv": [ 12.5, 6.75, 14, 7 ], "texture": "#texture" },
        "east":  { "uv": [ 7.25, 6.75, 8.25, 7 ], "texture": "#texture" }
    }
}
],
"display": {
    "thirdperson": {
        "rotation": [ 0, 90, -90 ],
        "translation": [ 0, 2, -1.7 ],
        "scale": [ 0.85, 0.85, 0.85 ]
    },
    "ground": {
        "rotation": [ 0, 0, 0 ],
        "translation": [ 0, 0, 0 ],
        "scale": [ 3, 3, 3 ]
    },
    "fixed": {
        "rotation": [ 0, 180, -45 ],
        "translation": [ 0.2, -0.5, -1.1 ],
        "scale": [ 1.7, 1.7, 1.7 ]
    },
    "firstperson": {
        "rotation": [ 0, -135, 0 ],
        "translation": [ 4.4, -0.9, -2 ],
        "scale": [ 2, 2, 2 ]
    },
    "gui": {
        "rotation": [ -30, 135, -45 ],
        "translation": [ 0.6, 0.5, 0 ],
        "scale": [ 1.1, 1.1, 1.1 ]
    }
}
}