{
"__comment": "Designed by - with BDcraft Cubik PRO 0.93 Beta - http://bdcraft.net",
"textures": {
    "texture": "blocks/wool_colored_black",
    "wool_colored_silver": "blocks/wool_colored_silver"
},
"elements": [ 
{
    "__comment": "M14",
    "from": [ 7.75, 7.75, 7.25 ],
    "to": [ 8.25, 8.25, 7.75 ],
    "faces": {
        "down":  { "uv": [ 8.25, 7.75, 7.75, 7.25 ], "texture": "#texture" },
        "up":    { "uv": [ 7.75, 7.25, 8.25, 7.75 ], "texture": "#texture" },
        "north": { "uv": [ 7.75, 7.75, 8.25, 8.25 ], "texture": "#texture" },
        "south": { "uv": [ 7.75, 7.75, 8.25, 8.25 ], "texture": "#texture" },
        "west":  { "uv": [ 7.25, 7.75, 7.75, 8.25 ], "texture": "#texture" },
        "east":  { "uv": [ 8.25, 7.75, 8.75, 8.25 ], "texture": "#texture" }
    }
},
{
    "__comment": "M14",
    "from": [ 7.75, 6.5, 0 ],
    "to": [ 8.25, 7, 1.5 ],
    "faces": {
        "down":  { "uv": [ 8.25, 1.5, 7.75, 0 ], "texture": "#texture" },
        "up":    { "uv": [ 7.75, 0, 8.25, 1.5 ], "texture": "#texture" },
        "north": { "uv": [ 7.75, 9, 8.25, 9.5 ], "texture": "#texture" },
        "south": { "uv": [ 7.75, 9, 8.25, 9.5 ], "texture": "#texture" },
        "west":  { "uv": [ 0, 9, 1.5, 9.5 ], "texture": "#texture" },
        "east":  { "uv": [ 14.5, 9, 16, 9.5 ], "texture": "#texture" }
    }
},
{
    "__comment": "M14",
    "from": [ 7.75, 7, 0 ],
    "to": [ 8.25, 7.25, 1 ],
    "faces": {
        "down":  { "uv": [ 8.25, 1, 7.75, 0 ], "texture": "#texture" },
        "up":    { "uv": [ 7.75, 0, 8.25, 1 ], "texture": "#texture" },
        "north": { "uv": [ 7.75, 8.75, 8.25, 9 ], "texture": "#texture" },
        "south": { "uv": [ 7.75, 8.75, 8.25, 9 ], "texture": "#texture" },
        "west":  { "uv": [ 0, 8.75, 1, 9 ], "texture": "#texture" },
        "east":  { "uv": [ 15, 8.75, 16, 9 ], "texture": "#texture" }
    }
},
{
    "__comment": "M14",
    "from": [ 7.75, 7.25, 0 ],
    "to": [ 8.25, 8.25, 0.5 ],
    "faces": {
        "down":  { "uv": [ 8.25, 0.5, 7.75, 0 ], "texture": "#texture" },
        "up":    { "uv": [ 7.75, 0, 8.25, 0.5 ], "texture": "#texture" },
        "north": { "uv": [ 7.75, 7.75, 8.25, 8.75 ], "texture": "#texture" },
        "south": { "uv": [ 7.75, 7.75, 8.25, 8.75 ], "texture": "#texture" },
        "west":  { "uv": [ 0, 7.75, 0.5, 8.75 ], "texture": "#texture" },
        "east":  { "uv": [ 15.5, 7.75, 16, 8.75 ], "texture": "#texture" }
    }
},
{
    "__comment": "M14",
    "from": [ 7.75, 7.75, 0.5 ],
    "to": [ 8.25, 8.25, 1.75 ],
    "faces": {
        "down":  { "uv": [ 8.25, 1.75, 7.75, 0.5 ], "texture": "#texture" },
        "up":    { "uv": [ 7.75, 0.5, 8.25, 1.75 ], "texture": "#texture" },
        "north": { "uv": [ 7.75, 7.75, 8.25, 8.25 ], "texture": "#texture" },
        "south": { "uv": [ 7.75, 7.75, 8.25, 8.25 ], "texture": "#texture" },
        "west":  { "uv": [ 0.5, 7.75, 1.75, 8.25 ], "texture": "#texture" },
        "east":  { "uv": [ 14.25, 7.75, 15.5, 8.25 ], "texture": "#texture" }
    }
},
{
    "__comment": "M14",
    "from": [ 7.75, 6.75, 1.5 ],
    "to": [ 8.25, 7, 2.5 ],
    "faces": {
        "down":  { "uv": [ 8.25, 2.5, 7.75, 1.5 ], "texture": "#wool_colored_silver" },
        "up":    { "uv": [ 7.75, 1.5, 8.25, 2.5 ], "texture": "#wool_colored_silver" },
        "north": { "uv": [ 7.75, 9, 8.25, 9.25 ], "texture": "#wool_colored_silver" },
        "south": { "uv": [ 7.75, 9, 8.25, 9.25 ], "texture": "#wool_colored_silver" },
        "west":  { "uv": [ 1.5, 9, 2.5, 9.25 ], "texture": "#wool_colored_silver" },
        "east":  { "uv": [ 13.5, 9, 14.5, 9.25 ], "texture": "#wool_colored_silver" }
    }
},
{
    "__comment": "M14",
    "from": [ 7.75, 8.25, 1.5 ],
    "to": [ 8.25, 8.5, 2.5 ],
    "faces": {
        "down":  { "uv": [ 8.25, 2.5, 7.75, 1.5 ], "texture": "#wool_colored_silver" },
        "up":    { "uv": [ 7.75, 1.5, 8.25, 2.5 ], "texture": "#wool_colored_silver" },
        "north": { "uv": [ 7.75, 7.5, 8.25, 7.75 ], "texture": "#wool_colored_silver" },
        "south": { "uv": [ 7.75, 7.5, 8.25, 7.75 ], "texture": "#wool_colored_silver" },
        "west":  { "uv": [ 1.5, 7.5, 2.5, 7.75 ], "texture": "#wool_colored_silver" },
        "east":  { "uv": [ 13.5, 7.5, 14.5, 7.75 ], "texture": "#wool_colored_silver" }
    }
},
{
    "__comment": "M14",
    "from": [ 7.75, 8, 1.75 ],
    "to": [ 8.25, 8.25, 7.25 ],
    "faces": {
        "down":  { "uv": [ 8.25, 7.25, 7.75, 1.75 ], "texture": "#wool_colored_silver" },
        "up":    { "uv": [ 7.75, 1.75, 8.25, 7.25 ], "texture": "#wool_colored_silver" },
        "north": { "uv": [ 7.75, 7.75, 8.25, 8 ], "texture": "#wool_colored_silver" },
        "south": { "uv": [ 7.75, 7.75, 8.25, 8 ], "texture": "#wool_colored_silver" },
        "west":  { "uv": [ 1.75, 7.75, 7.25, 8 ], "texture": "#wool_colored_silver" },
        "east":  { "uv": [ 8.75, 7.75, 14.25, 8 ], "texture": "#wool_colored_silver" }
    }
},
{
    "__comment": "M14",
    "from": [ 7.75, 7, 3 ],
    "to": [ 8.25, 7.25, 3.75 ],
    "faces": {
        "down":  { "uv": [ 8.25, 3.75, 7.75, 3 ], "texture": "#texture" },
        "up":    { "uv": [ 7.75, 3, 8.25, 3.75 ], "texture": "#texture" },
        "north": { "uv": [ 7.75, 8.75, 8.25, 9 ], "texture": "#texture" },
        "south": { "uv": [ 7.75, 8.75, 8.25, 9 ], "texture": "#texture" },
        "west":  { "uv": [ 3, 8.75, 3.75, 9 ], "texture": "#texture" },
        "east":  { "uv": [ 12.25, 8.75, 13, 9 ], "texture": "#texture" }
    }
},
{
    "__comment": "M14",
    "from": [ 7.75, 7.75, 1.75 ],
    "to": [ 8.25, 8, 2 ],
    "faces": {
        "down":  { "uv": [ 8.25, 2, 7.75, 1.75 ], "texture": "#wool_colored_silver" },
        "up":    { "uv": [ 7.75, 1.75, 8.25, 2 ], "texture": "#wool_colored_silver" },
        "north": { "uv": [ 7.75, 8, 8.25, 8.25 ], "texture": "#wool_colored_silver" },
        "south": { "uv": [ 7.75, 8, 8.25, 8.25 ], "texture": "#wool_colored_silver" },
        "west":  { "uv": [ 1.75, 8, 2, 8.25 ], "texture": "#wool_colored_silver" },
        "east":  { "uv": [ 14, 8, 14.25, 8.25 ], "texture": "#wool_colored_silver" }
    }
},
{
    "__comment": "M14",
    "from": [ 7.75, 6.75, 3 ],
    "to": [ 8.25, 7, 3.75 ],
    "faces": {
        "down":  { "uv": [ 8.25, 3.75, 7.75, 3 ], "texture": "#texture" },
        "up":    { "uv": [ 7.75, 3, 8.25, 3.75 ], "texture": "#texture" },
        "north": { "uv": [ 7.75, 9, 8.25, 9.25 ], "texture": "#texture" },
        "south": { "uv": [ 7.75, 9, 8.25, 9.25 ], "texture": "#texture" },
        "west":  { "uv": [ 3, 9, 3.75, 9.25 ], "texture": "#texture" },
        "east":  { "uv": [ 12.25, 9, 13, 9.25 ], "texture": "#texture" }
    }
},
{
    "__comment": "M14",
    "from": [ 7.75, 7.25, 3 ],
    "to": [ 8.25, 7.5, 4.25 ],
    "faces": {
        "down":  { "uv": [ 8.25, 4.25, 7.75, 3 ], "texture": "#texture" },
        "up":    { "uv": [ 7.75, 3, 8.25, 4.25 ], "texture": "#texture" },
        "north": { "uv": [ 7.75, 8.5, 8.25, 8.75 ], "texture": "#texture" },
        "south": { "uv": [ 7.75, 8.5, 8.25, 8.75 ], "texture": "#texture" },
        "west":  { "uv": [ 3, 8.5, 4.25, 8.75 ], "texture": "#texture" },
        "east":  { "uv": [ 11.75, 8.5, 13, 8.75 ], "texture": "#texture" }
    }
},
{
    "__comment": "M14",
    "from": [ 7.75, 7.75, 3.25 ],
    "to": [ 8, 8, 7 ],
    "faces": {
        "down":  { "uv": [ 8.25, 7, 8, 3.25 ], "texture": "#texture" },
        "up":    { "uv": [ 7.75, 3.25, 8, 7 ], "texture": "#texture" },
        "north": { "uv": [ 8, 8, 8.25, 8.25 ], "texture": "#texture" },
        "south": { "uv": [ 7.75, 8, 8, 8.25 ], "texture": "#texture" },
        "west":  { "uv": [ 3.25, 8, 7, 8.25 ], "texture": "#texture" },
        "east":  { "uv": [ 9, 8, 12.75, 8.25 ], "texture": "#texture" }
    }
},
{
    "__comment": "M14",
    "from": [ 7.75, 7.5, 3.25 ],
    "to": [ 8, 7.75, 4.5 ],
    "faces": {
        "down":  { "uv": [ 8.25, 4.5, 8, 3.25 ], "texture": "#texture" },
        "up":    { "uv": [ 7.75, 3.25, 8, 4.5 ], "texture": "#texture" },
        "north": { "uv": [ 8, 8.25, 8.25, 8.5 ], "texture": "#texture" },
        "south": { "uv": [ 7.75, 8.25, 8, 8.5 ], "texture": "#texture" },
        "west":  { "uv": [ 3.25, 8.25, 4.5, 8.5 ], "texture": "#texture" },
        "east":  { "uv": [ 11.5, 8.25, 12.75, 8.5 ], "texture": "#texture" }
    }
},
{
    "__comment": "M14",
    "from": [ 7.75, 8.25, 3.25 ],
    "to": [ 8.25, 8.5, 16 ],
    "faces": {
        "down":  { "uv": [ 8.25, 16, 7.75, 3.25 ], "texture": "#texture" },
        "up":    { "uv": [ 7.75, 3.25, 8.25, 16 ], "texture": "#texture" },
        "north": { "uv": [ 7.75, 7.5, 8.25, 7.75 ], "texture": "#texture" },
        "south": { "uv": [ 7.75, 7.5, 8.25, 7.75 ], "texture": "#texture" },
        "west":  { "uv": [ 3.25, 7.5, 16, 7.75 ], "texture": "#texture" },
        "east":  { "uv": [ 0, 7.5, 12.75, 7.75 ], "texture": "#texture" }
    }
},
{
    "__comment": "M14",
    "from": [ 7.75, 8.5, 3.5 ],
    "to": [ 8.25, 8.75, 12 ],
    "faces": {
        "down":  { "uv": [ 8.25, 12, 7.75, 3.5 ], "texture": "#wool_colored_silver" },
        "up":    { "uv": [ 7.75, 3.5, 8.25, 12 ], "texture": "#wool_colored_silver" },
        "north": { "uv": [ 7.75, 7.25, 8.25, 7.5 ], "texture": "#wool_colored_silver" },
        "south": { "uv": [ 7.75, 7.25, 8.25, 7.5 ], "texture": "#wool_colored_silver" },
        "west":  { "uv": [ 3.5, 7.25, 12, 7.5 ], "texture": "#wool_colored_silver" },
        "east":  { "uv": [ 4, 7.25, 12.5, 7.5 ], "texture": "#wool_colored_silver" }
    }
},
{
    "__comment": "M14",
    "from": [ 7.75, 7.25, 5.25 ],
    "to": [ 8.25, 7.75, 5.5 ],
    "faces": {
        "down":  { "uv": [ 8.25, 5.5, 7.75, 5.25 ], "texture": "#texture" },
        "up":    { "uv": [ 7.75, 5.25, 8.25, 5.5 ], "texture": "#texture" },
        "north": { "uv": [ 7.75, 8.25, 8.25, 8.75 ], "texture": "#texture" },
        "south": { "uv": [ 7.75, 8.25, 8.25, 8.75 ], "texture": "#texture" },
        "west":  { "uv": [ 5.25, 8.25, 5.5, 8.75 ], "texture": "#texture" },
        "east":  { "uv": [ 10.5, 8.25, 10.75, 8.75 ], "texture": "#texture" }
    }
},
{
    "__comment": "M14",
    "from": [ 7.75, 6.5, 5.75 ],
    "to": [ 8.25, 7.75, 6.5 ],
    "faces": {
        "down":  { "uv": [ 8.25, 6.5, 7.75, 5.75 ], "texture": "#texture" },
        "up":    { "uv": [ 7.75, 5.75, 8.25, 6.5 ], "texture": "#texture" },
        "north": { "uv": [ 7.75, 8.25, 8.25, 9.5 ], "texture": "#texture" },
        "south": { "uv": [ 7.75, 8.25, 8.25, 9.5 ], "texture": "#texture" },
        "west":  { "uv": [ 5.75, 8.25, 6.5, 9.5 ], "texture": "#texture" },
        "east":  { "uv": [ 9.5, 8.25, 10.25, 9.5 ], "texture": "#texture" }
    }
},
{
    "__comment": "M14",
    "from": [ 7.75, 6.75, 6.5 ],
    "to": [ 8.25, 7, 7 ],
    "faces": {
        "down":  { "uv": [ 8.25, 7, 7.75, 6.5 ], "texture": "#texture" },
        "up":    { "uv": [ 7.75, 6.5, 8.25, 7 ], "texture": "#texture" },
        "north": { "uv": [ 7.75, 9, 8.25, 9.25 ], "texture": "#texture" },
        "south": { "uv": [ 7.75, 9, 8.25, 9.25 ], "texture": "#texture" },
        "west":  { "uv": [ 6.5, 9, 7, 9.25 ], "texture": "#texture" },
        "east":  { "uv": [ 9, 9, 9.5, 9.25 ], "texture": "#texture" }
    }
},
{
    "__comment": "M14",
    "from": [ 7.75, 7, 6.5 ],
    "to": [ 8.25, 7.75, 6.75 ],
    "faces": {
        "down":  { "uv": [ 8.25, 6.75, 7.75, 6.5 ], "texture": "#texture" },
        "up":    { "uv": [ 7.75, 6.5, 8.25, 6.75 ], "texture": "#texture" },
        "north": { "uv": [ 7.75, 8.25, 8.25, 9 ], "texture": "#texture" },
        "south": { "uv": [ 7.75, 8.25, 8.25, 9 ], "texture": "#texture" },
        "west":  { "uv": [ 6.5, 8.25, 6.75, 9 ], "texture": "#texture" },
        "east":  { "uv": [ 9.25, 8.25, 9.5, 9 ], "texture": "#texture" }
    }
},
{
    "__comment": "M14",
    "from": [ 7.75, 7.75, 7.75 ],
    "to": [ 8.25, 8.25, 8 ],
    "faces": {
        "down":  { "uv": [ 8.25, 8, 7.75, 7.75 ], "texture": "#texture" },
        "up":    { "uv": [ 7.75, 7.75, 8.25, 8 ], "texture": "#texture" },
        "north": { "uv": [ 7.75, 7.75, 8.25, 8.25 ], "texture": "#texture" },
        "south": { "uv": [ 7.75, 7.75, 8.25, 8.25 ], "texture": "#texture" },
        "west":  { "uv": [ 7.75, 7.75, 8, 8.25 ], "texture": "#texture" },
        "east":  { "uv": [ 8, 7.75, 8.25, 8.25 ], "texture": "#texture" }
    }
},
{
    "__comment": "M14",
    "from": [ 7.75, 8, 8 ],
    "to": [ 8.25, 8.25, 16 ],
    "faces": {
        "down":  { "uv": [ 8.25, 16, 7.75, 8 ], "texture": "#texture" },
        "up":    { "uv": [ 7.75, 8, 8.25, 16 ], "texture": "#texture" },
        "north": { "uv": [ 7.75, 7.75, 8.25, 8 ], "texture": "#texture" },
        "south": { "uv": [ 7.75, 7.75, 8.25, 8 ], "texture": "#texture" },
        "west":  { "uv": [ 8, 7.75, 16, 8 ], "texture": "#texture" },
        "east":  { "uv": [ 0, 7.75, 8, 8 ], "texture": "#texture" }
    }
},
{
    "__comment": "M14",
    "from": [ 7.75, 8.5, 14.5 ],
    "to": [ 8.25, 8.75, 15 ],
    "faces": {
        "down":  { "uv": [ 8.25, 15, 7.75, 14.5 ], "texture": "#texture" },
        "up":    { "uv": [ 7.75, 14.5, 8.25, 15 ], "texture": "#texture" },
        "north": { "uv": [ 7.75, 7.25, 8.25, 7.5 ], "texture": "#texture" },
        "south": { "uv": [ 7.75, 7.25, 8.25, 7.5 ], "texture": "#texture" },
        "west":  { "uv": [ 14.5, 7.25, 15, 7.5 ], "texture": "#texture" },
        "east":  { "uv": [ 1, 7.25, 1.5, 7.5 ], "texture": "#texture" }
    }
},
{
    "__comment": "M14",
    "from": [ 7.75, 7, 1 ],
    "to": [ 8.25, 7.75, 1.5 ],
    "faces": {
        "down":  { "uv": [ 8.25, 1.5, 7.75, 1 ], "texture": "#texture" },
        "up":    { "uv": [ 7.75, 1, 8.25, 1.5 ], "texture": "#texture" },
        "north": { "uv": [ 7.75, 8.25, 8.25, 9 ], "texture": "#texture" },
        "south": { "uv": [ 7.75, 8.25, 8.25, 9 ], "texture": "#texture" },
        "west":  { "uv": [ 1, 8.25, 1.5, 9 ], "texture": "#texture" },
        "east":  { "uv": [ 14.5, 8.25, 15, 9 ], "texture": "#texture" }
    }
},
{
    "__comment": "M14",
    "from": [ 8, 7.5, 3.25 ],
    "to": [ 8.25, 8, 4.25 ],
    "faces": {
        "down":  { "uv": [ 8, 4.25, 7.75, 3.25 ], "texture": "#texture" },
        "up":    { "uv": [ 8, 3.25, 8.25, 4.25 ], "texture": "#texture" },
        "north": { "uv": [ 7.75, 8, 8, 8.5 ], "texture": "#texture" },
        "south": { "uv": [ 8, 8, 8.25, 8.5 ], "texture": "#texture" },
        "west":  { "uv": [ 3.25, 8, 4.25, 8.5 ], "texture": "#texture" },
        "east":  { "uv": [ 11.75, 8, 12.75, 8.5 ], "texture": "#texture" }
    }
},
{
    "__comment": "M14",
    "from": [ 7.75, 7, 3.75 ],
    "to": [ 8.25, 7.25, 4 ],
    "faces": {
        "down":  { "uv": [ 8.25, 4, 7.75, 3.75 ], "texture": "#texture" },
        "up":    { "uv": [ 7.75, 3.75, 8.25, 4 ], "texture": "#texture" },
        "north": { "uv": [ 7.75, 8.75, 8.25, 9 ], "texture": "#texture" },
        "south": { "uv": [ 7.75, 8.75, 8.25, 9 ], "texture": "#texture" },
        "west":  { "uv": [ 3.75, 8.75, 4, 9 ], "texture": "#texture" },
        "east":  { "uv": [ 12, 8.75, 12.25, 9 ], "texture": "#texture" }
    }
},
{
    "__comment": "M14",
    "from": [ 8, 7.75, 4.25 ],
    "to": [ 8.25, 8, 7 ],
    "faces": {
        "down":  { "uv": [ 8, 7, 7.75, 4.25 ], "texture": "#texture" },
        "up":    { "uv": [ 8, 4.25, 8.25, 7 ], "texture": "#texture" },
        "north": { "uv": [ 7.75, 8, 8, 8.25 ], "texture": "#texture" },
        "south": { "uv": [ 8, 8, 8.25, 8.25 ], "texture": "#texture" },
        "west":  { "uv": [ 4.25, 8, 7, 8.25 ], "texture": "#texture" },
        "east":  { "uv": [ 9, 8, 11.75, 8.25 ], "texture": "#texture" }
    }
},
{
    "__comment": "M14",
    "from": [ 7.75, 6.75, 5.5 ],
    "to": [ 8.25, 7.75, 5.75 ],
    "faces": {
        "down":  { "uv": [ 8.25, 5.75, 7.75, 5.5 ], "texture": "#texture" },
        "up":    { "uv": [ 7.75, 5.5, 8.25, 5.75 ], "texture": "#texture" },
        "north": { "uv": [ 7.75, 8.25, 8.25, 9.25 ], "texture": "#texture" },
        "south": { "uv": [ 7.75, 8.25, 8.25, 9.25 ], "texture": "#texture" },
        "west":  { "uv": [ 5.5, 8.25, 5.75, 9.25 ], "texture": "#texture" },
        "east":  { "uv": [ 10.25, 8.25, 10.5, 9.25 ], "texture": "#texture" }
    }
},
{
    "from": [ 7.5, 7.75, 3.5 ],
    "to": [ 7.75, 8.5, 6.5 ],
    "faces": {
        "down":  { "uv": [ 8.5, 6.5, 8.25, 3.5 ], "texture": "#wool_colored_silver" },
        "up":    { "uv": [ 7.5, 3.5, 7.75, 6.5 ], "texture": "#wool_colored_silver" },
        "north": { "uv": [ 8.25, 7.5, 8.5, 8.25 ], "texture": "#wool_colored_silver" },
        "south": { "uv": [ 7.5, 7.5, 7.75, 8.25 ], "texture": "#wool_colored_silver" },
        "west":  { "uv": [ 3.5, 7.5, 6.5, 8.25 ], "texture": "#wool_colored_silver" },
        "east":  { "uv": [ 9.5, 7.5, 12.5, 8.25 ], "texture": "#wool_colored_silver" }
    }
},
{
    "from": [ 8.25, 7.75, 3.5 ],
    "to": [ 8.5, 8.5, 6.5 ],
    "faces": {
        "down":  { "uv": [ 7.75, 6.5, 7.5, 3.5 ], "texture": "#wool_colored_silver" },
        "up":    { "uv": [ 8.25, 3.5, 8.5, 6.5 ], "texture": "#wool_colored_silver" },
        "north": { "uv": [ 7.5, 7.5, 7.75, 8.25 ], "texture": "#wool_colored_silver" },
        "south": { "uv": [ 8.25, 7.5, 8.5, 8.25 ], "texture": "#wool_colored_silver" },
        "west":  { "uv": [ 3.5, 7.5, 6.5, 8.25 ], "texture": "#wool_colored_silver" },
        "east":  { "uv": [ 9.5, 7.5, 12.5, 8.25 ], "texture": "#wool_colored_silver" }
    }
},
{
    "from": [ 8.25, 8, 6.5 ],
    "to": [ 8.5, 8.5, 8.5 ],
    "faces": {
        "down":  { "uv": [ 7.75, 8.5, 7.5, 6.5 ], "texture": "#wool_colored_silver" },
        "up":    { "uv": [ 8.25, 6.5, 8.5, 8.5 ], "texture": "#wool_colored_silver" },
        "north": { "uv": [ 7.5, 7.5, 7.75, 8 ], "texture": "#wool_colored_silver" },
        "south": { "uv": [ 8.25, 7.5, 8.5, 8 ], "texture": "#wool_colored_silver" },
        "west":  { "uv": [ 6.5, 7.5, 8.5, 8 ], "texture": "#wool_colored_silver" },
        "east":  { "uv": [ 7.5, 7.5, 9.5, 8 ], "texture": "#wool_colored_silver" }
    }
},
{
    "from": [ 7.5, 8, 6.5 ],
    "to": [ 7.75, 8.5, 8.5 ],
    "faces": {
        "down":  { "uv": [ 8.5, 8.5, 8.25, 6.5 ], "texture": "#wool_colored_silver" },
        "up":    { "uv": [ 7.5, 6.5, 7.75, 8.5 ], "texture": "#wool_colored_silver" },
        "north": { "uv": [ 8.25, 7.5, 8.5, 8 ], "texture": "#wool_colored_silver" },
        "south": { "uv": [ 7.5, 7.5, 7.75, 8 ], "texture": "#wool_colored_silver" },
        "west":  { "uv": [ 6.5, 7.5, 8.5, 8 ], "texture": "#wool_colored_silver" },
        "east":  { "uv": [ 7.5, 7.5, 9.5, 8 ], "texture": "#wool_colored_silver" }
    }
},
{
    "from": [ 8.25, 8.25, 8.5 ],
    "to": [ 8.5, 8.5, 10.5 ],
    "faces": {
        "down":  { "uv": [ 7.75, 10.5, 7.5, 8.5 ], "texture": "#wool_colored_silver" },
        "up":    { "uv": [ 8.25, 8.5, 8.5, 10.5 ], "texture": "#wool_colored_silver" },
        "north": { "uv": [ 7.5, 7.5, 7.75, 7.75 ], "texture": "#wool_colored_silver" },
        "south": { "uv": [ 8.25, 7.5, 8.5, 7.75 ], "texture": "#wool_colored_silver" },
        "west":  { "uv": [ 8.5, 7.5, 10.5, 7.75 ], "texture": "#wool_colored_silver" },
        "east":  { "uv": [ 5.5, 7.5, 7.5, 7.75 ], "texture": "#wool_colored_silver" }
    }
},
{
    "from": [ 7.5, 8.25, 8.5 ],
    "to": [ 7.75, 8.5, 10.5 ],
    "faces": {
        "down":  { "uv": [ 8.5, 10.5, 8.25, 8.5 ], "texture": "#wool_colored_silver" },
        "up":    { "uv": [ 7.5, 8.5, 7.75, 10.5 ], "texture": "#wool_colored_silver" },
        "north": { "uv": [ 8.25, 7.5, 8.5, 7.75 ], "texture": "#wool_colored_silver" },
        "south": { "uv": [ 7.5, 7.5, 7.75, 7.75 ], "texture": "#wool_colored_silver" },
        "west":  { "uv": [ 8.5, 7.5, 10.5, 7.75 ], "texture": "#wool_colored_silver" },
        "east":  { "uv": [ 5.5, 7.5, 7.5, 7.75 ], "texture": "#wool_colored_silver" }
    }
},
{
    "from": [ 7.5, 8, 3.25 ],
    "to": [ 7.75, 8.5, 3.5 ],
    "faces": {
        "down":  { "uv": [ 8.5, 3.5, 8.25, 3.25 ], "texture": "#texture" },
        "up":    { "uv": [ 7.5, 3.25, 7.75, 3.5 ], "texture": "#texture" },
        "north": { "uv": [ 8.25, 7.5, 8.5, 8 ], "texture": "#texture" },
        "south": { "uv": [ 7.5, 7.5, 7.75, 8 ], "texture": "#texture" },
        "west":  { "uv": [ 3.25, 7.5, 3.5, 8 ], "texture": "#texture" },
        "east":  { "uv": [ 12.5, 7.5, 12.75, 8 ], "texture": "#texture" }
    }
},
{
    "from": [ 8.25, 8, 3.25 ],
    "to": [ 8.5, 8.5, 3.5 ],
    "faces": {
        "down":  { "uv": [ 7.75, 3.5, 7.5, 3.25 ], "texture": "#texture" },
        "up":    { "uv": [ 8.25, 3.25, 8.5, 3.5 ], "texture": "#texture" },
        "north": { "uv": [ 7.5, 7.5, 7.75, 8 ], "texture": "#texture" },
        "south": { "uv": [ 8.25, 7.5, 8.5, 8 ], "texture": "#texture" },
        "west":  { "uv": [ 3.25, 7.5, 3.5, 8 ], "texture": "#texture" },
        "east":  { "uv": [ 12.5, 7.5, 12.75, 8 ], "texture": "#texture" }
    }
},
{
    "__comment": "M14*",
    "from": [ 7.75, 7.75, 8 ],
    "to": [ 8.25, 8, 13 ],
    "faces": {
        "down":  { "uv": [ 8.25, 13, 7.75, 8 ], "texture": "#texture" },
        "up":    { "uv": [ 7.75, 8, 8.25, 13 ], "texture": "#texture" },
        "north": { "uv": [ 7.75, 8, 8.25, 8.25 ], "texture": "#texture" },
        "south": { "uv": [ 7.75, 8, 8.25, 8.25 ], "texture": "#texture" },
        "west":  { "uv": [ 8, 8, 13, 8.25 ], "texture": "#texture" },
        "east":  { "uv": [ 3, 8, 8, 8.25 ], "texture": "#texture" }
    }
},
{
    "from": [ 7.75, 8.75, 5.25 ],
    "to": [ 8.25, 9, 7.25 ],
    "faces": {
        "down":  { "uv": [ 8.25, 7.25, 7.75, 5.25 ], "texture": "#texture" },
        "up":    { "uv": [ 7.75, 5.25, 8.25, 7.25 ], "texture": "#texture" },
        "north": { "uv": [ 7.75, 7, 8.25, 7.25 ], "texture": "#texture" },
        "south": { "uv": [ 7.75, 7, 8.25, 7.25 ], "texture": "#texture" },
        "west":  { "uv": [ 5.25, 7, 7.25, 7.25 ], "texture": "#texture" },
        "east":  { "uv": [ 8.75, 7, 10.75, 7.25 ], "texture": "#texture" }
    }
},
{
    "from": [ 7.75, 9, 5.5 ],
    "to": [ 8.25, 9.25, 7 ],
    "faces": {
        "down":  { "uv": [ 8.25, 7, 7.75, 5.5 ], "texture": "#texture" },
        "up":    { "uv": [ 7.75, 5.5, 8.25, 7 ], "texture": "#texture" },
        "north": { "uv": [ 7.75, 6.75, 8.25, 7 ], "texture": "#texture" },
        "south": { "uv": [ 7.75, 6.75, 8.25, 7 ], "texture": "#texture" },
        "west":  { "uv": [ 5.5, 6.75, 7, 7 ], "texture": "#texture" },
        "east":  { "uv": [ 9, 6.75, 10.5, 7 ], "texture": "#texture" }
    }
},
{
    "from": [ 7.75, 9.25, 3.75 ],
    "to": [ 8.25, 9.75, 8.75 ],
    "faces": {
        "down":  { "uv": [ 8.25, 8.75, 7.75, 3.75 ], "texture": "#texture" },
        "up":    { "uv": [ 7.75, 3.75, 8.25, 8.75 ], "texture": "#texture" },
        "north": { "uv": [ 13.5, 0, 14, 0.5 ], "texture": "#texture" },
        "south": { "uv": [ 12.5, 1.5, 13, 2 ], "texture": "#texture" },
        "west":  { "uv": [ 3.75, 6.25, 8.75, 6.75 ], "texture": "#texture" },
        "east":  { "uv": [ 7.25, 6.25, 12.25, 6.75 ], "texture": "#texture" }
    }
},
{
    "from": [ 7.75, 9.75, 3.5 ],
    "to": [ 8.25, 10, 4.25 ],
    "faces": {
        "down":  { "uv": [ 8.25, 4.25, 7.75, 3.5 ], "texture": "#texture" },
        "up":    { "uv": [ 7.75, 3.5, 8.25, 4.25 ], "texture": "#texture" },
        "north": { "uv": [ 7.75, 6, 8.25, 6.25 ], "texture": "#texture" },
        "south": { "uv": [ 7.75, 6, 8.25, 6.25 ], "texture": "#texture" },
        "west":  { "uv": [ 3.5, 6, 4.25, 6.25 ], "texture": "#texture" },
        "east":  { "uv": [ 11.75, 6, 12.5, 6.25 ], "texture": "#texture" }
    }
},
{
    "from": [ 7.5, 9.25, 3.5 ],
    "to": [ 7.75, 9.75, 4.25 ],
    "faces": {
        "down":  { "uv": [ 8.5, 4.25, 8.25, 3.5 ], "texture": "#texture" },
        "up":    { "uv": [ 7.5, 3.5, 7.75, 4.25 ], "texture": "#texture" },
        "north": { "uv": [ 8.25, 6.25, 8.5, 6.75 ], "texture": "#texture" },
        "south": { "uv": [ 7.5, 6.25, 7.75, 6.75 ], "texture": "#texture" },
        "west":  { "uv": [ 3.5, 6.25, 4.25, 6.75 ], "texture": "#texture" },
        "east":  { "uv": [ 11.75, 6.25, 12.5, 6.75 ], "texture": "#texture" }
    }
},
{
    "from": [ 7.75, 9, 3.5 ],
    "to": [ 8.25, 9.25, 4.25 ],
    "faces": {
        "down":  { "uv": [ 8.25, 4.25, 7.75, 3.5 ], "texture": "#texture" },
        "up":    { "uv": [ 7.75, 3.5, 8.25, 4.25 ], "texture": "#texture" },
        "north": { "uv": [ 7.75, 6.75, 8.25, 7 ], "texture": "#texture" },
        "south": { "uv": [ 7.75, 6.75, 8.25, 7 ], "texture": "#texture" },
        "west":  { "uv": [ 3.5, 6.75, 4.25, 7 ], "texture": "#texture" },
        "east":  { "uv": [ 11.75, 6.75, 12.5, 7 ], "texture": "#texture" }
    }
},
{
    "from": [ 8.25, 9.25, 3.5 ],
    "to": [ 8.5, 9.75, 4.25 ],
    "faces": {
        "down":  { "uv": [ 7.75, 4.25, 7.5, 3.5 ], "texture": "#texture" },
        "up":    { "uv": [ 8.25, 3.5, 8.5, 4.25 ], "texture": "#texture" },
        "north": { "uv": [ 7.5, 6.25, 7.75, 6.75 ], "texture": "#texture" },
        "south": { "uv": [ 8.25, 6.25, 8.5, 6.75 ], "texture": "#texture" },
        "west":  { "uv": [ 3.5, 6.25, 4.25, 6.75 ], "texture": "#texture" },
        "east":  { "uv": [ 11.75, 6.25, 12.5, 6.75 ], "texture": "#texture" }
    }
},
{
    "from": [ 8.25, 9.25, 7.75 ],
    "to": [ 8.5, 9.75, 9 ],
    "faces": {
        "down":  { "uv": [ 7.75, 9, 7.5, 7.75 ], "texture": "#texture" },
        "up":    { "uv": [ 8.25, 7.75, 8.5, 9 ], "texture": "#texture" },
        "north": { "uv": [ 7.5, 6.25, 7.75, 6.75 ], "texture": "#texture" },
        "south": { "uv": [ 8.25, 6.25, 8.5, 6.75 ], "texture": "#texture" },
        "west":  { "uv": [ 7.75, 6.25, 9, 6.75 ], "texture": "#texture" },
        "east":  { "uv": [ 7, 6.25, 8.25, 6.75 ], "texture": "#texture" }
    }
},
{
    "from": [ 7.5, 9.25, 7.75 ],
    "to": [ 7.75, 9.75, 9 ],
    "faces": {
        "down":  { "uv": [ 8.5, 9, 8.25, 7.75 ], "texture": "#texture" },
        "up":    { "uv": [ 7.5, 7.75, 7.75, 9 ], "texture": "#texture" },
        "north": { "uv": [ 8.25, 6.25, 8.5, 6.75 ], "texture": "#texture" },
        "south": { "uv": [ 7.5, 6.25, 7.75, 6.75 ], "texture": "#texture" },
        "west":  { "uv": [ 7.75, 6.25, 9, 6.75 ], "texture": "#texture" },
        "east":  { "uv": [ 7, 6.25, 8.25, 6.75 ], "texture": "#texture" }
    }
},
{
    "from": [ 7.75, 9.75, 7.75 ],
    "to": [ 8.25, 10, 9 ],
    "faces": {
        "down":  { "uv": [ 8.25, 9, 7.75, 7.75 ], "texture": "#texture" },
        "up":    { "uv": [ 7.75, 7.75, 8.25, 9 ], "texture": "#texture" },
        "north": { "uv": [ 7.75, 6, 8.25, 6.25 ], "texture": "#texture" },
        "south": { "uv": [ 7.75, 6, 8.25, 6.25 ], "texture": "#texture" },
        "west":  { "uv": [ 7.75, 6, 9, 6.25 ], "texture": "#texture" },
        "east":  { "uv": [ 7, 6, 8.25, 6.25 ], "texture": "#texture" }
    }
},
{
    "from": [ 7.75, 9, 7.75 ],
    "to": [ 8.25, 9.25, 9 ],
    "faces": {
        "down":  { "uv": [ 8.25, 9, 7.75, 7.75 ], "texture": "#texture" },
        "up":    { "uv": [ 7.75, 7.75, 8.25, 9 ], "texture": "#texture" },
        "north": { "uv": [ 7.75, 6.75, 8.25, 7 ], "texture": "#texture" },
        "south": { "uv": [ 7.75, 6.75, 8.25, 7 ], "texture": "#texture" },
        "west":  { "uv": [ 7.75, 6.75, 9, 7 ], "texture": "#texture" },
        "east":  { "uv": [ 7, 6.75, 8.25, 7 ], "texture": "#texture" }
    }
},
{
    "from": [ 8.25, 9.25, 5.75 ],
    "to": [ 8.5, 9.75, 6.75 ],
    "faces": {
        "down":  { "uv": [ 7.75, 6.75, 7.5, 5.75 ], "texture": "#texture" },
        "up":    { "uv": [ 8.25, 5.75, 8.5, 6.75 ], "texture": "#texture" },
        "north": { "uv": [ 7.5, 6.25, 7.75, 6.75 ], "texture": "#texture" },
        "south": { "uv": [ 8.25, 6.25, 8.5, 6.75 ], "texture": "#texture" },
        "west":  { "uv": [ 5.75, 6.25, 6.75, 6.75 ], "texture": "#texture" },
        "east":  { "uv": [ 9.25, 6.25, 10.25, 6.75 ], "texture": "#texture" }
    }
},
{
    "from": [ 8.25, 9.25, 5.75 ],
    "to": [ 8.5, 9.75, 6.75 ],
    "faces": {
        "down":  { "uv": [ 7.75, 6.75, 7.5, 5.75 ], "texture": "#texture" },
        "up":    { "uv": [ 8.25, 5.75, 8.5, 6.75 ], "texture": "#texture" },
        "north": { "uv": [ 7.5, 6.25, 7.75, 6.75 ], "texture": "#texture" },
        "south": { "uv": [ 8.25, 6.25, 8.5, 6.75 ], "texture": "#texture" },
        "west":  { "uv": [ 5.75, 6.25, 6.75, 6.75 ], "texture": "#texture" },
        "east":  { "uv": [ 9.25, 6.25, 10.25, 6.75 ], "texture": "#texture" }
    }
},
{
    "from": [ 7.5, 9.25, 5.75 ],
    "to": [ 7.75, 9.75, 6.75 ],
    "faces": {
        "down":  { "uv": [ 8.5, 6.75, 8.25, 5.75 ], "texture": "#texture" },
        "up":    { "uv": [ 7.5, 5.75, 7.75, 6.75 ], "texture": "#texture" },
        "north": { "uv": [ 8.25, 6.25, 8.5, 6.75 ], "texture": "#texture" },
        "south": { "uv": [ 7.5, 6.25, 7.75, 6.75 ], "texture": "#texture" },
        "west":  { "uv": [ 5.75, 6.25, 6.75, 6.75 ], "texture": "#texture" },
        "east":  { "uv": [ 9.25, 6.25, 10.25, 6.75 ], "texture": "#texture" }
    }
},
{
    "from": [ 7.75, 9.75, 5.75 ],
    "to": [ 8.25, 10, 6.75 ],
    "faces": {
        "down":  { "uv": [ 8.25, 6.75, 7.75, 5.75 ], "texture": "#texture" },
        "up":    { "uv": [ 7.75, 5.75, 8.25, 6.75 ], "texture": "#texture" },
        "north": { "uv": [ 7.75, 6, 8.25, 6.25 ], "texture": "#texture" },
        "south": { "uv": [ 7.75, 6, 8.25, 6.25 ], "texture": "#texture" },
        "west":  { "uv": [ 5.75, 6, 6.75, 6.25 ], "texture": "#texture" },
        "east":  { "uv": [ 9.25, 6, 10.25, 6.25 ], "texture": "#texture" }
    }
},
{
    "from": [ 7.75, 10, 6 ],
    "to": [ 8.25, 10.25, 6.5 ],
    "faces": {
        "down":  { "uv": [ 8.25, 6.5, 7.75, 6 ], "texture": "#texture" },
        "up":    { "uv": [ 7.75, 6, 8.25, 6.5 ], "texture": "#texture" },
        "north": { "uv": [ 7.75, 5.75, 8.25, 6 ], "texture": "#texture" },
        "south": { "uv": [ 7.75, 5.75, 8.25, 6 ], "texture": "#texture" },
        "west":  { "uv": [ 6, 5.75, 6.5, 6 ], "texture": "#texture" },
        "east":  { "uv": [ 9.5, 5.75, 10, 6 ], "texture": "#texture" }
    }
},
{
    "__comment": "M14*",
    "from": [ 7.75, 7, 2.25 ],
    "to": [ 8.25, 7.25, 3 ],
    "faces": {
        "down":  { "uv": [ 8.25, 3, 7.75, 2.25 ], "texture": "#wool_colored_silver" },
        "up":    { "uv": [ 7.75, 2.25, 8.25, 3 ], "texture": "#wool_colored_silver" },
        "north": { "uv": [ 7.75, 8.75, 8.25, 9 ], "texture": "#wool_colored_silver" },
        "south": { "uv": [ 7.75, 8.75, 8.25, 9 ], "texture": "#wool_colored_silver" },
        "west":  { "uv": [ 2.25, 8.75, 3, 9 ], "texture": "#wool_colored_silver" },
        "east":  { "uv": [ 13, 8.75, 13.75, 9 ], "texture": "#wool_colored_silver" }
    }
}
],
"display": {
    "thirdperson": {
        "rotation": [ -92, 0, 0 ],
        "translation": [ 0, 4.3, -2.1 ],
        "scale": [ 1.6, 1.6, 1.6 ]
    },
    "ground": {
        "rotation": [ 0, 0, 90 ],
        "translation": [ 0, -15, 0 ],
        "scale": [ 4, 4, 4 ]
    },
    "fixed": {
        "rotation": [ -44, 90, 0 ],
        "translation": [ 0, 0, 0 ],
        "scale": [ 3, 3, 3 ]
    },
    "firstperson": {
        "rotation": [ 0, 130, 0 ],
        "translation": [ 7.9, 1.1, -1.7 ],
        "scale": [ 4, 4, 4 ]
    },
    "gui": {
        "rotation": [ 0, 0, 0 ],
        "translation": [ 0, 0, 0 ],
        "scale": [ 2.2, 2.2, 2.2 ]
    }
}
}